time_open,open,high,low,close,volume,time_close,date_d
2024-12-17T12:00:00.000Z,5.804096051322115,38.47591123399061,4.518339310423296,6.729423506279724,6506415.19793341,2024-12-17 12:59:59.999000+00:00,2024-12-17
2024-12-17T13:00:00.000Z,2.6334290143059276,2.057513821838743,0.11056726128331824,0.12979384506097555,288860792.88108444,2024-12-17 13:59:59.999000+00:00,2024-12-17
2024-12-17T14:00:00.000Z,0.06368993616036557,0.07627256028634419,0.042003041506607185,0.04293496160042927,101196534.97279571,2024-12-17 14:59:59.999000+00:00,2024-12-17
2024-12-17T15:00:00.000Z,0.042640921589106213,0.04233749616587441,0.03508863534422185,0.0373714014586993,98717871.00987901,2024-12-17 15:59:59.999000+00:00,2024-12-17
2024-12-17T16:00:00.000Z,0.0372024274190395,0.04036932461687743,0.03103693030609137,0.03219370580540983,75045159.17388427,2024-12-17 16:59:59.999000+00:00,2024-12-17
2024-12-17T17:00:00.000Z,0.03219370580540983,0.03238940552624966,0.028147704376654113,0.030896151162145412,64325539.21513853,2024-12-17 17:59:59.999000+00:00,2024-12-17
2024-12-17T18:00:00.000Z,0.03101970087841806,0.03515985855888963,0.030219423425115063,0.034497135257422595,50606328.66562922,2024-12-17 18:59:59.999000+00:00,2024-12-17
2024-12-17T19:00:00.000Z,0.03472503701383785,0.034905972691038276,0.03154214976580875,0.03171043857359343,34863324.12956631,2024-12-17 19:59:59.999000+00:00,2024-12-17
2024-12-17T20:00:00.000Z,0.03178794361010368,0.034411607254645885,0.030543268931837328,0.031135957202374602,27893693.804241255,2024-12-17 20:59:59.999000+00:00,2024-12-17
2024-12-17T21:00:00.000Z,0.031057046859470458,0.031044747888075937,0.028439211583141073,0.029599272954015297,31333863.506571867,2024-12-17 21:59:59.999000+00:00,2024-12-17
2024-12-17T22:00:00.000Z,0.029690086040582406,0.030915107122649586,0.026876118228370823,0.028036011017876658,41807196.684013404,2024-12-17 22:59:59.999000+00:00,2024-12-17
2024-12-17T23:00:00.000Z,0.027815471054106526,0.028922012041998426,0.027149641748621094,0.028592706076644603,23567586.70070391,2024-12-17 23:59:59.999000+00:00,2024-12-17
2024-12-18T00:00:00.000Z,0.028850797137700984,0.0301354967530889,0.027876169447448577,0.027999253278621246,28376589.619667258,2024-12-18 00:59:59.999000+00:00,2024-12-17
2024-12-18T01:00:00.000Z,0.02771096990913488,0.027791739222531198,0.027071064231424843,0.027255795591081298,12315039.124724498,2024-12-18 01:59:59.999000+00:00,2024-12-18
2024-12-18T02:00:00.000Z,0.02752317120211601,0.031892998062320876,0.027229275816219187,0.031070830617537973,39558920.90351028,2024-12-18 02:59:59.999000+00:00,2024-12-18
2024-12-18T03:00:00.000Z,0.031070830617537973,0.032483663542980046,0.03038430746746694,0.030997723659129263,21546686.566703442,2024-12-18 03:59:59.999000+00:00,2024-12-18
2024-12-18T04:00:00.000Z,0.03115634451216013,0.031681292383913824,0.02952508959048384,0.03036498352282022,17055887.344898887,2024-12-18 04:59:59.999000+00:00,2024-12-18
2024-12-18T05:00:00.000Z,0.030345649123654558,0.03097203269679106,0.02984812273592793,0.03016864893315006,13000702.02733625,2024-12-18 05:59:59.999000+00:00,2024-12-18
2024-12-18T06:00:00.000Z,0.0301970602651621,0.03018526582576267,0.028481776732474175,0.028985763011922235,11170459.087755566,2024-12-18 06:59:59.999000+00:00,2024-12-18
2024-12-18T07:00:00.000Z,0.028985763011922235,0.03079853249837478,0.029033137528714253,0.030576838210523354,11610558.642497184,2024-12-18 07:59:59.999000+00:00,2024-12-18
2024-12-18T08:00:00.000Z,0.030576838210523354,0.033706782724952866,0.030386941961234114,0.032908221934958785,25093192.90217179,2024-12-18 08:59:59.999000+00:00,2024-12-18
2024-12-18T09:00:00.000Z,0.0329056290422815,0.03436812576432638,0.03249864829314894,0.03321565175549917,17443540.005475335,2024-12-18 09:59:59.999000+00:00,2024-12-18
2024-12-18T10:00:00.000Z,0.03321029534783754,0.03486796499271162,0.03276329315178187,0.03394483169285212,19378631.02546853,2024-12-18 10:59:59.999000+00:00,2024-12-18
2024-12-18T11:00:00.000Z,0.03394483169285212,0.037178985604562106,0.033819880570978046,0.03402899001806289,29854682.464031007,2024-12-18 11:59:59.999000+00:00,2024-12-18
2024-12-18T12:00:00.000Z,0.03402899001806289,0.03481281542900009,0.03339901391541185,0.03374491104831293,20597457.82085994,2024-12-18 12:59:59.999000+00:00,2024-12-18
2024-12-18T13:00:00.000Z,0.03368174974822378,0.033428513402673825,0.03204873762119711,0.03244925638766735,16544938.229398308,2024-12-18 13:59:59.999000+00:00,2024-12-18
2024-12-18T14:00:00.000Z,0.03253428374741126,0.033933305840371956,0.03140827042271791,0.03205873894072136,17451904.840269815,2024-12-18 14:59:59.999000+00:00,2024-12-18
2024-12-18T15:00:00.000Z,0.032092862188090605,0.0345274747230173,0.03190557608163858,0.03436885249099723,22843184.32108652,2024-12-18 15:59:59.999000+00:00,2024-12-18
2024-12-18T16:00:00.000Z,0.03436885249099723,0.03552048938310048,0.03316583474948707,0.03460734906925938,27969771.194328304,2024-12-18 16:59:59.999000+00:00,2024-12-18
2024-12-18T17:00:00.000Z,0.03460734906925938,0.03711730623106103,0.033369028392201135,0.03651986198950265,22370660.08163161,2024-12-18 17:59:59.999000+00:00,2024-12-18
2024-12-18T18:00:00.000Z,0.03651986198950265,0.03925411739407465,0.03601494764691288,0.03820278714578907,34754061.785097346,2024-12-18 18:59:59.999000+00:00,2024-12-18
2024-12-18T19:00:00.000Z,0.03820278714578907,0.03931009130071316,0.03668117990912521,0.03674593535179218,30941427.517372407,2024-12-18 19:59:59.999000+00:00,2024-12-18
2024-12-18T20:00:00.000Z,0.036721939513067126,0.037185135983726914,0.03497649810660113,0.03584916194212217,32287396.406253703,2024-12-18 20:59:59.999000+00:00,2024-12-18
2024-12-18T21:00:00.000Z,0.03584916194212217,0.03764944377578889,0.03546760762011554,0.036800992551272324,25835559.722081605,2024-12-18 21:59:59.999000+00:00,2024-12-18
2024-12-18T22:00:00.000Z,0.036800992551272324,0.0377179696708805,0.03609039321927424,0.037221760677260116,18399157.05653874,2024-12-18 22:59:59.999000+00:00,2024-12-18
2024-12-18T23:00:00.000Z,0.037221760677260116,0.037941145879817686,0.035388514201898556,0.03560025101479762,20762394.177880228,2024-12-18 23:59:59.999000+00:00,2024-12-18
2024-12-19T00:00:00.000Z,0.03560025101479762,0.036705052211883145,0.03365574223339336,0.03404665869052328,25788496.32693582,2024-12-19 00:59:59.999000+00:00,2024-12-18
2024-12-19T01:00:00.000Z,0.03404665869052328,0.0345036355667208,0.03251515335995174,0.03301909915656888,24578722.302992977,2024-12-19 01:59:59.999000+00:00,2024-12-19
2024-12-19T02:00:00.000Z,0.03301909915656888,0.03401035407262213,0.031210256166486722,0.03384790312523141,27464850.244122848,2024-12-19 02:59:59.999000+00:00,2024-12-19
2024-12-19T03:00:00.000Z,0.03384790312523141,0.03438721628070973,0.03310355454573236,0.03360313672198598,16371956.924165925,2024-12-19 03:59:59.999000+00:00,2024-12-19
2024-12-19T04:00:00.000Z,0.03360313672198598,0.03346432176935926,0.03160482412613127,0.03168071870328021,14501801.054466574,2024-12-19 04:59:59.999000+00:00,2024-12-19
2024-12-19T05:00:00.000Z,0.03168071870328021,0.032751100928226765,0.0309661672537777,0.0321049385909446,17328651.242608268,2024-12-19 05:59:59.999000+00:00,2024-12-19
2024-12-19T06:00:00.000Z,0.03209314243236084,0.03309124703343675,0.03160211604658497,0.03288139397689764,9544777.264350386,2024-12-19 06:59:59.999000+00:00,2024-12-19
2024-12-19T07:00:00.000Z,0.03287348384686798,0.03445842027003286,0.03279600310740108,0.034006593469225174,16162511.505743716,2024-12-19 07:59:59.999000+00:00,2024-12-19
2024-12-19T08:00:00.000Z,0.034012885105169526,0.03397802865506411,0.03267198494416392,0.032833946603037484,15198561.422712214,2024-12-19 08:59:59.999000+00:00,2024-12-19
2024-12-19T09:00:00.000Z,0.03285712842964643,0.03282794744792829,0.031960656152492335,0.03204032291895752,8013219.9330358775,2024-12-19 09:59:59.999000+00:00,2024-12-19
2024-12-19T10:00:00.000Z,0.03202641951523482,0.03234724694629951,0.03148762400695391,0.03162625329862414,7745205.830155641,2024-12-19 10:59:59.999000+00:00,2024-12-19
2024-12-19T11:00:00.000Z,0.03166016501317737,0.032187989532668194,0.03092172694631553,0.03189756924025462,9473785.590767907,2024-12-19 11:59:59.999000+00:00,2024-12-19
2024-12-19T12:00:00.000Z,0.03189756924025462,0.03226629821322698,0.03053442327072873,0.030626659409443823,8477406.311984137,2024-12-19 12:59:59.999000+00:00,2024-12-19
2024-12-19T13:00:00.000Z,0.030626659409443823,0.030497564179191083,0.029280102744839998,0.029531992226443815,10131964.678860106,2024-12-19 13:59:59.999000+00:00,2024-12-19
2024-12-19T14:00:00.000Z,0.029535909550073403,0.03041204245297453,0.029505756820039676,0.03007257171726015,9702182.383108497,2024-12-19 14:59:59.999000+00:00,2024-12-19
2024-12-19T15:00:00.000Z,0.030055237839450893,0.031009041731369195,0.02934913127885099,0.030719319485983766,16729755.123812495,2024-12-19 15:59:59.999000+00:00,2024-12-19
2024-12-19T16:00:00.000Z,0.030720520338322104,0.03142840715696898,0.030515462046216253,0.031114105988621448,10822682.939154135,2024-12-19 16:59:59.999000+00:00,2024-12-19
2024-12-19T17:00:00.000Z,0.03110388342876127,0.030878959860105748,0.029653983247977328,0.030073164749474836,13890676.762988215,2024-12-19 17:59:59.999000+00:00,2024-12-19
2024-12-19T18:00:00.000Z,0.030171630588889675,0.030355674161207408,0.028364172844524926,0.02857765554633983,22339890.03994962,2024-12-19 18:59:59.999000+00:00,2024-12-19
2024-12-19T19:00:00.000Z,0.02857765554633983,0.02861254747954841,0.027494986593877568,0.027834960475262727,12480945.83109588,2024-12-19 19:59:59.999000+00:00,2024-12-19
2024-12-19T20:00:00.000Z,0.027845900992501053,0.02831632177901729,0.026831762753371978,0.028169668641848285,17734028.811635964,2024-12-19 20:59:59.999000+00:00,2024-12-19
2024-12-19T21:00:00.000Z,0.028150947678001786,0.029020480300805424,0.02806697803873791,0.028940321791042178,9966511.070511786,2024-12-19 21:59:59.999000+00:00,2024-12-19
2024-12-19T22:00:00.000Z,0.028910446990526244,0.029367682143610196,0.02858719939371485,0.029246825032042397,6890213.131542463,2024-12-19 22:59:59.999000+00:00,2024-12-19
2024-12-19T23:00:00.000Z,0.02924400363539753,0.029327385136759344,0.02872325112714659,0.028781579171237397,5299253.955317301,2024-12-19 23:59:59.999000+00:00,2024-12-19
2024-12-20T00:00:00.000Z,0.0878339259318048,0.029606011318714452,0.028346030543777573,0.029155373480436293,8589725.97152838,2024-12-20 00:59:59.999000+00:00,2024-12-19
2024-12-20T01:00:00.000Z,0.029155373480436293,0.029066831331684896,0.02807077393960883,0.028096566256732253,6971425.944320167,2024-12-20 01:59:59.999000+00:00,2024-12-20
2024-12-20T02:00:00.000Z,0.028097093664489287,0.03018071364781702,0.028326429948993807,0.02954161779591339,7488746.9538785545,2024-12-20 02:59:59.999000+00:00,2024-12-20
2024-12-20T03:00:00.000Z,0.02954161779591339,0.029356710872084572,0.02859982046942239,0.02879186136160923,6146440.777982577,2024-12-20 03:59:59.999000+00:00,2024-12-20
2024-12-20T04:00:00.000Z,0.028762591272727647,0.028830702637068786,0.028234056742920923,0.028265281694116913,5882626.595873257,2024-12-20 04:59:59.999000+00:00,2024-12-20
2024-12-20T05:00:00.000Z,0.02827339268881856,0.028320579218204446,0.027604723361485034,0.02769219323104861,5735607.041953593,2024-12-20 05:59:59.999000+00:00,2024-12-20
2024-12-20T06:00:00.000Z,0.027719579244969282,0.02868331902041237,0.027660119544209917,0.027828872684372043,7290982.907809103,2024-12-20 06:59:59.999000+00:00,2024-12-20
2024-12-20T07:00:00.000Z,0.027862141709414746,0.02811632398029837,0.027233043043121623,0.027274869452090445,7502796.304536146,2024-12-20 07:59:59.999000+00:00,2024-12-20
2024-12-20T08:00:00.000Z,0.02726877036121284,0.027161113812319452,0.025435282490334443,0.025591816626468138,14389185.034934344,2024-12-20 08:59:59.999000+00:00,2024-12-20
2024-12-20T09:00:00.000Z,0.02563983956071436,0.02572428072398797,0.024567964005617768,0.02466262168403624,16115101.421694292,2024-12-20 09:59:59.999000+00:00,2024-12-20
2024-12-20T10:00:00.000Z,0.02466262168403624,0.02469187946712665,0.023892581848878165,0.02412619354553882,13767207.851725888,2024-12-20 10:59:59.999000+00:00,2024-12-20
2024-12-20T11:00:00.000Z,0.02412619354553882,0.02420264708734837,0.022992770681024125,0.023175892950620308,7527932.35606295,2024-12-20 11:59:59.999000+00:00,2024-12-20
2024-12-20T12:00:00.000Z,0.023093978641120377,0.024796140011726694,0.023269628938191952,0.02465242391602735,9269717.290203143,2024-12-20 12:59:59.999000+00:00,2024-12-20
2024-12-20T13:00:00.000Z,0.02458902712092407,0.02616648339223551,0.024751162598436273,0.02591043466597028,7402352.225045124,2024-12-20 13:59:59.999000+00:00,2024-12-20
2024-12-20T14:00:00.000Z,0.025907314402419557,0.026043585221656236,0.025314324123123434,0.02548247208986668,5994531.94031617,2024-12-20 14:59:59.999000+00:00,2024-12-20
2024-12-20T15:00:00.000Z,0.025473886915345228,0.027049591680829523,0.025789600720228723,0.026828547675897135,10829245.025606558,2024-12-20 15:59:59.999000+00:00,2024-12-20
2024-12-20T16:00:00.000Z,0.026833622292275202,0.026949188350592523,0.02595892073951665,0.02613935627641846,7624294.010866935,2024-12-20 16:59:59.999000+00:00,2024-12-20
2024-12-20T17:00:00.000Z,0.026153546327236488,0.027451147351991344,0.026343668367370076,0.027394826350472627,7278296.886666623,2024-12-20 17:59:59.999000+00:00,2024-12-20
2024-12-20T18:00:00.000Z,0.027384417742967047,0.027318942281081886,0.026623683144032916,0.027121245434736607,5649472.143094606,2024-12-20 18:59:59.999000+00:00,2024-12-20
2024-12-20T19:00:00.000Z,0.027155247388470184,0.027960299072462558,0.027196065817178944,0.027617610506551135,4660606.18065187,2024-12-20 19:59:59.999000+00:00,2024-12-20
2024-12-20T20:00:00.000Z,0.027596879209613717,0.02771550931162369,0.02718202236691699,0.027618327332071743,4438322.426624477,2024-12-20 20:59:59.999000+00:00,2024-12-20
2024-12-20T21:00:00.000Z,0.027629537189880343,0.027774942838658324,0.026859024803711093,0.027564907755298868,4956049.22137151,2024-12-20 21:59:59.999000+00:00,2024-12-20
2024-12-20T22:00:00.000Z,0.02756180361944333,0.02774771965023043,0.027259334150329332,0.027523844092048135,3818996.951506481,2024-12-20 22:59:59.999000+00:00,2024-12-20
2024-12-20T23:00:00.000Z,0.027492652697426106,0.028405186431902086,0.027695500066147644,0.027877426615976177,5062640.43871489,2024-12-20 23:59:59.999000+00:00,2024-12-20
2024-12-21T00:00:00.000Z,0.027867746358205846,0.02837154823286151,0.027463815826647066,0.028298991824506084,4102194.1345336316,2024-12-21 00:59:59.999000+00:00,2024-12-20
2024-12-21T01:00:00.000Z,0.028268883634103268,0.03183914709299177,0.028488340721433608,0.03049003751370635,14287300.906361276,2024-12-21 01:59:59.999000+00:00,2024-12-21
2024-12-21T02:00:00.000Z,0.03049003751370635,0.03077400256085775,0.029924474288781335,0.02994032676508996,8047973.4222670365,2024-12-21 02:59:59.999000+00:00,2024-12-21
2024-12-21T03:00:00.000Z,0.029935997332322984,0.029825875694665126,0.029358328631848975,0.029457033820785565,4077739.412298786,2024-12-21 03:59:59.999000+00:00,2024-12-21
2024-12-21T04:00:00.000Z,0.029475403417762253,0.03011991926292162,0.02946869177757238,0.030098477506090824,3509234.6983617977,2024-12-21 04:59:59.999000+00:00,2024-12-21
2024-12-21T05:00:00.000Z,0.030077407557647404,0.03176790305000242,0.0303973737583585,0.03082157530751181,9404960.533643566,2024-12-21 05:59:59.999000+00:00,2024-12-21
2024-12-21T06:00:00.000Z,0.03082157530751181,0.03216189615059638,0.031018941451607936,0.031782901156015925,7821331.291260144,2024-12-21 06:59:59.999000+00:00,2024-12-21
2024-12-21T07:00:00.000Z,0.031784825038937724,0.03206975409915746,0.03091273248612323,0.03101537994360722,5859267.491688239,2024-12-21 07:59:59.999000+00:00,2024-12-21
2024-12-21T08:00:00.000Z,0.031013803286394095,0.03103010800391939,0.030406122606200212,0.030621586738390254,3938037.0953271347,2024-12-21 08:59:59.999000+00:00,2024-12-21
2024-12-21T09:00:00.000Z,0.030636986537369737,0.030663913422869542,0.030174941983232936,0.030328314725774488,3290834.781024132,2024-12-21 09:59:59.999000+00:00,2024-12-21
2024-12-21T10:00:00.000Z,0.03039872913580459,0.03034196188838122,0.029667120849419786,0.03002079067157918,4516656.939010323,2024-12-21 10:59:59.999000+00:00,2024-12-21
2024-12-21T11:00:00.000Z,0.0300368171619256,0.030801206487126635,0.029671654522409288,0.030317172271831477,7242174.926882029,2024-12-21 11:59:59.999000+00:00,2024-12-21
2024-12-21T12:00:00.000Z,0.030284366945777793,0.030650755525715168,0.02952200227937972,0.02994184634259382,6324736.971287179,2024-12-21 12:59:59.999000+00:00,2024-12-21
2024-12-21T13:00:00.000Z,0.02996555299365849,0.030410057179206217,0.02934930914520671,0.029522750616189482,8131899.046062901,2024-12-21 13:59:59.999000+00:00,2024-12-21
2024-12-21T14:00:00.000Z,0.029522750616189482,0.029947079630292223,0.02884540957883151,0.029108977754139436,5209559.603219934,2024-12-21 14:59:59.999000+00:00,2024-12-21
2024-12-21T15:00:00.000Z,0.029086648047610426,0.030374114197788564,0.029270107938859587,0.030341867043204854,6220271.716428708,2024-12-21 15:59:59.999000+00:00,2024-12-21
2024-12-21T16:00:00.000Z,0.030323322393732977,0.031385214879493736,0.029934817899001646,0.030188441254279743,10337210.713285321,2024-12-21 16:59:59.999000+00:00,2024-12-21
2024-12-21T17:00:00.000Z,0.030181533797994937,0.031026688707366863,0.029901398201529355,0.03083249848719386,6624365.550590525,2024-12-21 17:59:59.999000+00:00,2024-12-21
2024-12-21T18:00:00.000Z,0.03084627909798247,0.030671431109416156,0.02951444642491898,0.02968286913554847,4191123.9532654723,2024-12-21 18:59:59.999000+00:00,2024-12-21
2024-12-21T19:00:00.000Z,0.029727242433579413,0.029573455459363032,0.028934812465891635,0.02912019046959961,6902792.823772151,2024-12-21 19:59:59.999000+00:00,2024-12-21
2024-12-21T20:00:00.000Z,0.02917967899251622,0.029516809802211812,0.029103495942568634,0.029218444467621358,3684830.929964228,2024-12-21 20:59:59.999000+00:00,2024-12-21
2024-12-21T21:00:00.000Z,0.029175811090706754,0.02923437881933489,0.02879494635638475,0.02904363856918209,2829582.5161514184,2024-12-21 21:59:59.999000+00:00,2024-12-21
2024-12-21T22:00:00.000Z,0.02911716460621021,0.028929666581153795,0.028553130589994723,0.028663112704594863,3482152.2425301606,2024-12-21 22:59:59.999000+00:00,2024-12-21
2024-12-21T23:00:00.000Z,0.02869848895302235,0.028590163828619904,0.028196806505504057,0.028451022253511805,3278536.811248482,2024-12-21 23:59:59.999000+00:00,2024-12-21
2024-12-22T00:00:00.000Z,0.02848965702161556,0.02839880052326535,0.02785318056798966,0.02791019969836675,2957637.028966082,2024-12-22 00:59:59.999000+00:00,2024-12-21
2024-12-22T01:00:00.000Z,0.02790561183946915,0.02793491854592712,0.02706234569366441,0.027169038860777303,4066013.2529376335,2024-12-22 01:59:59.999000+00:00,2024-12-22
2024-12-22T02:00:00.000Z,0.027169038860777303,0.02731569612364977,0.026706011118150817,0.02676733112996529,3681383.6448352775,2024-12-22 02:59:59.999000+00:00,2024-12-22
2024-12-22T03:00:00.000Z,0.02676600074140504,0.026991981337367788,0.026454617944166346,0.026733502606044006,4433078.21017188,2024-12-22 03:59:59.999000+00:00,2024-12-22
2024-12-22T04:00:00.000Z,0.026757143727882994,0.02675611913141976,0.02631091400227517,0.02632648663687396,2648565.5096772704,2024-12-22 04:59:59.999000+00:00,2024-12-22
2024-12-22T05:00:00.000Z,0.026351018047091983,0.026340643037863102,0.02562400761114588,0.026224439633991046,2597910.7520204093,2024-12-22 05:59:59.999000+00:00,2024-12-22
2024-12-22T06:00:00.000Z,0.026248783689722742,0.026941963345149172,0.026443493323045093,0.026791377940610765,2485548.49384237,2024-12-22 06:59:59.999000+00:00,2024-12-22
2024-12-22T07:00:00.000Z,0.026759765279835673,0.026801251943400103,0.026465522206517135,0.026559755570579692,1635806.0591756913,2024-12-22 07:59:59.999000+00:00,2024-12-22
2024-12-22T08:00:00.000Z,0.026582768768212948,0.0267727534795162,0.026392506652088595,0.026421224030080445,2269124.657507513,2024-12-22 08:59:59.999000+00:00,2024-12-22
2024-12-22T09:00:00.000Z,0.026462331829720853,0.027181058148274973,0.026354697683538805,0.02693751571969668,1980176.6658217434,2024-12-22 09:59:59.999000+00:00,2024-12-22
2024-12-22T10:00:00.000Z,0.026969805658785578,0.027326405409336507,0.02693050352029904,0.026969469203723336,1949302.815749758,2024-12-22 10:59:59.999000+00:00,2024-12-22
2024-12-22T11:00:00.000Z,0.026942391304091633,0.027011721691740917,0.026682566483902374,0.02692230822652896,1983793.4524090958,2024-12-22 11:59:59.999000+00:00,2024-12-22
2024-12-22T12:00:00.000Z,0.0269181823512077,0.02707866916168923,0.02665811064959456,0.02680837692160393,2281990.2735003475,2024-12-22 12:59:59.999000+00:00,2024-12-22
2024-12-22T13:00:00.000Z,0.026839931497478115,0.026841301717385174,0.026359947319221345,0.026442201234531882,2430643.254682954,2024-12-22 13:59:59.999000+00:00,2024-12-22
2024-12-22T14:00:00.000Z,0.026493818054194096,0.026354774822316074,0.025512256556252277,0.025574054722358134,3396454.971289957,2024-12-22 14:59:59.999000+00:00,2024-12-22
2024-12-22T15:00:00.000Z,0.025567971482069088,0.025750537271017827,0.025507994682523082,0.02568270722014983,2031080.6774680119,2024-12-22 15:59:59.999000+00:00,2024-12-22
2024-12-22T16:00:00.000Z,0.025693087235394447,0.0266099848131456,0.02578983795611496,0.02638373768548248,3789042.6303221593,2024-12-22 16:59:59.999000+00:00,2024-12-22
2024-12-22T17:00:00.000Z,0.02636552004691206,0.026560533724320184,0.025979339801124775,0.02613034934784954,2118993.446085501,2024-12-22 17:59:59.999000+00:00,2024-12-22
2024-12-22T18:00:00.000Z,0.0261187592730418,0.02661435781389649,0.02611805044053897,0.026382153677432685,2311703.3654567664,2024-12-22 18:59:59.999000+00:00,2024-12-22
2024-12-22T19:00:00.000Z,0.02637840645057372,0.02648407173844012,0.02575120641589201,0.02595881942879174,2771127.0298164827,2024-12-22 19:59:59.999000+00:00,2024-12-22
2024-12-22T20:00:00.000Z,0.02597036132541151,0.02603425041101728,0.025503298617019773,0.025968911424161925,1987871.2679837267,2024-12-22 20:59:59.999000+00:00,2024-12-22
2024-12-22T21:00:00.000Z,0.026032178096221673,0.02615023279620426,0.02580826204225241,0.02589019867848754,2040032.4436677282,2024-12-22 21:59:59.999000+00:00,2024-12-22
2024-12-22T22:00:00.000Z,0.02589020804659728,0.025993015706282114,0.025606851387598488,0.02594539360498342,1686530.915976596,2024-12-22 22:59:59.999000+00:00,2024-12-22
2024-12-22T23:00:00.000Z,0.025956227101498204,0.026354059846506708,0.02593516247459684,0.026006444496044646,2032439.618729255,2024-12-22 23:59:59.999000+00:00,2024-12-22
2024-12-23T00:00:00.000Z,0.025997478444211932,0.0260517423536521,0.025492995801400575,0.025814008656356975,3588760.09017784,2024-12-23 00:59:59.999000+00:00,2024-12-22
2024-12-23T01:00:00.000Z,0.025829181920986533,0.025990097389057425,0.025252337459405767,0.025739371667327312,3225548.577695075,2024-12-23 01:59:59.999000+00:00,2024-12-23
2024-12-23T02:00:00.000Z,0.025710482257502772,0.02623642962219337,0.025400773749421214,0.026208881143661777,3588687.315827993,2024-12-23 02:59:59.999000+00:00,2024-12-23
2024-12-23T03:00:00.000Z,0.026195135280922235,0.02753847498378471,0.026367016214424718,0.027008660830125562,5039859.605167684,2024-12-23 03:59:59.999000+00:00,2024-12-23
2024-12-23T04:00:00.000Z,0.02691657382970228,0.02703065590940194,0.02664466524849042,0.026902098456693654,2656557.1069413475,2024-12-23 04:59:59.999000+00:00,2024-12-23
2024-12-23T05:00:00.000Z,0.026896336781262593,0.027060247581145332,0.02671036077160945,0.026891079163992308,3132710.095285725,2024-12-23 05:59:59.999000+00:00,2024-12-23
2024-12-23T06:00:00.000Z,0.0269482774963739,0.026652541677302195,0.025887471865667637,0.02590333734545964,1972387.283076501,2024-12-23 06:59:59.999000+00:00,2024-12-23
2024-12-23T07:00:00.000Z,0.025891183500705156,0.02610675049271011,0.025752085488380046,0.025978756963845946,2070457.286955578,2024-12-23 07:59:59.999000+00:00,2024-12-23
2024-12-23T08:00:00.000Z,0.025992973652551,0.026954075163613655,0.026238642484474745,0.026870906759262774,3228536.6533730323,2024-12-23 08:59:59.999000+00:00,2024-12-23
2024-12-23T09:00:00.000Z,0.02682573559044862,0.027605413313958202,0.027046024075053576,0.027344465471643112,4942416.798708143,2024-12-23 09:59:59.999000+00:00,2024-12-23
2024-12-23T10:00:00.000Z,0.02731977087870886,0.027444303797920587,0.027052206272233138,0.0272639220430481,2508436.57917765,2024-12-23 10:59:59.999000+00:00,2024-12-23
2024-12-23T11:00:00.000Z,0.027297398866901145,0.02802202430299188,0.02721938593200478,0.027828756337584366,6691025.482571504,2024-12-23 11:59:59.999000+00:00,2024-12-23
2024-12-23T12:00:00.000Z,0.027822118566922117,0.028144558266298404,0.027363567944969802,0.027464844212982606,3980921.503319225,2024-12-23 12:59:59.999000+00:00,2024-12-23
2024-12-23T13:00:00.000Z,0.027511987179170267,0.02728145506715653,0.02641297817497519,0.026533810289347846,3101715.2364862533,2024-12-23 13:59:59.999000+00:00,2024-12-23
2024-12-23T14:00:00.000Z,0.026491119577066496,0.026778349967525768,0.026247328947606927,0.02641106522465122,3086805.9028395605,2024-12-23 14:59:59.999000+00:00,2024-12-23
2024-12-23T15:00:00.000Z,0.026462460125263265,0.026605917064051503,0.026057263139932587,0.02631024306569241,3948973.420498269,2024-12-23 15:59:59.999000+00:00,2024-12-23
2024-12-23T16:00:00.000Z,0.02635392030546105,0.0282802961173657,0.026409060634414887,0.028149345924634583,5993178.17886006,2024-12-23 16:59:59.999000+00:00,2024-12-23
2024-12-23T17:00:00.000Z,0.028146191731020988,0.027961479533358757,0.027340145696293023,0.02739243811782986,4438131.381321747,2024-12-23 17:59:59.999000+00:00,2024-12-23
2024-12-23T18:00:00.000Z,0.027411462871235387,0.027446885576353372,0.027122536912000277,0.02716842436258727,3377586.7934710165,2024-12-23 18:59:59.999000+00:00,2024-12-23
2024-12-23T19:00:00.000Z,0.027173049801227193,0.028235650944476748,0.027568672893078024,0.02816006356746125,3428176.572706173,2024-12-23 19:59:59.999000+00:00,2024-12-23
2024-12-23T20:00:00.000Z,0.028134246573852308,0.03041637153472228,0.028353593218592626,0.030368215776938892,8251090.937132279,2024-12-23 20:59:59.999000+00:00,2024-12-23
2024-12-23T21:00:00.000Z,0.030371072825384933,0.030683316351161366,0.03006750982340963,0.030138327732491345,7172060.678013313,2024-12-23 21:59:59.999000+00:00,2024-12-23
2024-12-23T22:00:00.000Z,0.030102406843074036,0.03009651952671425,0.02970620701195461,0.029860099460045277,4196443.145413701,2024-12-23 22:59:59.999000+00:00,2024-12-23
2024-12-23T23:00:00.000Z,0.029891053934362727,0.030372074110674968,0.029998788736126374,0.03024457580774603,4408825.153675045,2024-12-23 23:59:59.999000+00:00,2024-12-23
2024-12-24T00:00:00.000Z,0.030219276891396623,0.029883797630722332,0.0288229200638015,0.028924511610661202,6378717.055465256,2024-12-24 00:59:59.999000+00:00,2024-12-23
2024-12-24T01:00:00.000Z,0.028924511610661202,0.029252281862405645,0.028461372660676783,0.02851059721464002,4249909.884629603,2024-12-24 01:59:59.999000+00:00,2024-12-24
2024-12-24T02:00:00.000Z,0.02847830041029686,0.028656969103549163,0.028326186239314523,0.02839091588939168,3396766.380563685,2024-12-24 02:59:59.999000+00:00,2024-12-24
2024-12-24T03:00:00.000Z,0.02843503991025948,0.028471179327627397,0.028226208322877647,0.028378844821009507,2683819.0932143326,2024-12-24 03:59:59.999000+00:00,2024-12-24
2024-12-24T04:00:00.000Z,0.028400523866065584,0.028384085891360086,0.028080435363328198,0.02828702783479365,2948173.9191431818,2024-12-24 04:59:59.999000+00:00,2024-12-24
2024-12-24T05:00:00.000Z,0.02829091028087726,0.030770679484272187,0.028574574213353382,0.030563970344446387,13430420.131550357,2024-12-24 05:59:59.999000+00:00,2024-12-24
2024-12-24T06:00:00.000Z,0.030558407303373704,0.0317285641403143,0.03069596937867044,0.031199614181866463,10419812.257311175,2024-12-24 06:59:59.999000+00:00,2024-12-24
2024-12-24T07:00:00.000Z,0.031201934232714622,0.031767767232908785,0.030737657736810076,0.030959819536622968,7795864.7025935585,2024-12-24 07:59:59.999000+00:00,2024-12-24
2024-12-24T08:00:00.000Z,0.030977745788484223,0.03150912821075441,0.030450562687072785,0.030984078744692407,9354666.136979252,2024-12-24 08:59:59.999000+00:00,2024-12-24
2024-12-24T09:00:00.000Z,0.030979395239417624,0.03215773222332466,0.030871835012009265,0.03199598387724304,7068186.778525422,2024-12-24 09:59:59.999000+00:00,2024-12-24
2024-12-24T10:00:00.000Z,0.03196926977220566,0.03391216885362892,0.031677265328972116,0.03383770317752158,10631888.560618179,2024-12-24 10:59:59.999000+00:00,2024-12-24
2024-12-24T11:00:00.000Z,0.03383770317752158,0.03604331329353238,0.03378437430753851,0.03561176861056569,14562585.56537026,2024-12-24 11:59:59.999000+00:00,2024-12-24
2024-12-24T12:00:00.000Z,0.03561176861056569,0.03660989519914843,0.035442992201894015,0.03595010494584263,11159939.402517626,2024-12-24 12:59:59.999000+00:00,2024-12-24
2024-12-24T13:00:00.000Z,0.03595010494584263,0.03560846716405475,0.03453729478629868,0.035131849680729965,11617373.44166577,2024-12-24 13:59:59.999000+00:00,2024-12-24
2024-12-24T14:00:00.000Z,0.035131849680729965,0.03647441732796316,0.03511288444876801,0.03638872768634513,8856729.48962451,2024-12-24 14:59:59.999000+00:00,2024-12-24
2024-12-24T15:00:00.000Z,0.03638186249548125,0.037380953030944464,0.03584332517697937,0.037062590733104084,11174300.372050222,2024-12-24 15:59:59.999000+00:00,2024-12-24
2024-12-24T16:00:00.000Z,0.037062590733104084,0.036838985812128695,0.03531537709638189,0.036129279045789414,9936331.298828281,2024-12-24 16:59:59.999000+00:00,2024-12-24
2024-12-24T17:00:00.000Z,0.036160695132918405,0.03657485211028322,0.03535178735914352,0.03635888301294858,8173076.623514111,2024-12-24 17:59:59.999000+00:00,2024-12-24
2024-12-24T18:00:00.000Z,0.03631824888488795,0.03740484134941984,0.03655558645244901,0.03705000424471148,7565676.120818712,2024-12-24 18:59:59.999000+00:00,2024-12-24
2024-12-24T19:00:00.000Z,0.037057438520031724,0.03687410820193125,0.03592352536230524,0.03597403992217367,4276430.754031138,2024-12-24 19:59:59.999000+00:00,2024-12-24
2024-12-24T20:00:00.000Z,0.03603018112425981,0.03606140291209807,0.03544871524327324,0.035490851217778493,5296767.721055541,2024-12-24 20:59:59.999000+00:00,2024-12-24
2024-12-24T21:00:00.000Z,0.035545037276994,0.035797094505249524,0.03532765635718369,0.03536833736377348,4078092.507330361,2024-12-24 21:59:59.999000+00:00,2024-12-24
2024-12-24T22:00:00.000Z,0.035384736190673255,0.03569779335506493,0.035249144160976,0.03541409646195739,3914750.042106596,2024-12-24 22:59:59.999000+00:00,2024-12-24
2024-12-24T23:00:00.000Z,0.03541555580672421,0.03615553074735161,0.03559350962237901,0.035905012577147885,4722352.663083325,2024-12-24 23:59:59.999000+00:00,2024-12-24
2024-12-25T00:00:00.000Z,0.035858055051563406,0.03736302248619538,0.0359955144357464,0.03735272063901309,8675758.422537105,2024-12-25 00:59:59.999000+00:00,2024-12-24
2024-12-25T01:00:00.000Z,0.03735272063901309,0.0392308969275659,0.037481278653784096,0.038543406615882,13038414.57051948,2024-12-25 01:59:59.999000+00:00,2024-12-25
2024-12-25T02:00:00.000Z,0.038543406615882,0.03825050222871147,0.037143607399800924,0.03786057720151401,8282583.843700485,2024-12-25 02:59:59.999000+00:00,2024-12-25
2024-12-25T03:00:00.000Z,0.03786057720151401,0.037674006070293704,0.035928392513082996,0.036057053744836386,7328611.034720942,2024-12-25 03:59:59.999000+00:00,2024-12-25
2024-12-25T04:00:00.000Z,0.036057053744836386,0.03649330598448618,0.03519790544177399,0.035287359117750626,6591676.046501713,2024-12-25 04:59:59.999000+00:00,2024-12-25
2024-12-25T05:00:00.000Z,0.03528735956858936,0.03542140911092871,0.03498634370143606,0.03526962789112892,4888292.29982705,2024-12-25 05:59:59.999000+00:00,2024-12-25
2024-12-25T06:00:00.000Z,0.03527723361706096,0.03573517822818646,0.035259539874813846,0.03567635863476293,3970009.1038512685,2024-12-25 06:59:59.999000+00:00,2024-12-25
2024-12-25T07:00:00.000Z,0.03561712394909653,0.03563669585623232,0.03490184192653426,0.03550931651143317,4818881.784129673,2024-12-25 07:59:59.999000+00:00,2024-12-25
2024-12-25T08:00:00.000Z,0.03557202591867722,0.03579429496855641,0.035050575722692635,0.03513385681582869,4715289.829128432,2024-12-25 08:59:59.999000+00:00,2024-12-25
2024-12-25T09:00:00.000Z,0.0350602269145679,0.035442592970010456,0.034962679248789354,0.03540445620786333,3384691.523684545,2024-12-25 09:59:59.999000+00:00,2024-12-25
2024-12-25T10:00:00.000Z,0.0353579732834599,0.035559007395398586,0.03476810793384148,0.035157214767910526,5262946.17761678,2024-12-25 10:59:59.999000+00:00,2024-12-25
2024-12-25T11:00:00.000Z,0.035173092412554,0.035375850821692534,0.03458067127983921,0.03462136104840133,4185446.400537296,2024-12-25 11:59:59.999000+00:00,2024-12-25
2024-12-25T12:00:00.000Z,0.03463079692476836,0.03519687980584058,0.03471376885406332,0.03514537867989239,2940763.8916586884,2024-12-25 12:59:59.999000+00:00,2024-12-25
2024-12-25T13:00:00.000Z,0.035091074777075265,0.037144201319549645,0.03534817974611668,0.037127311613866634,6093439.160321258,2024-12-25 13:59:59.999000+00:00,2024-12-25
2024-12-25T14:00:00.000Z,0.03714292963475388,0.03805474630025679,0.036946300507988854,0.03717881566268944,8218517.431234463,2024-12-25 14:59:59.999000+00:00,2024-12-25
2024-12-25T15:00:00.000Z,0.03717881566268944,0.038029402778544344,0.036575350631664956,0.037827363180308764,8303656.127699252,2024-12-25 15:59:59.999000+00:00,2024-12-25
2024-12-25T16:00:00.000Z,0.03779582810022258,0.038357459828258327,0.03728171314497813,0.037360186183075426,9049410.151177265,2024-12-25 16:59:59.999000+00:00,2024-12-25
2024-12-25T17:00:00.000Z,0.03729343248995385,0.0378454715272817,0.03686708053605112,0.03741967849053855,4627686.769757437,2024-12-25 17:59:59.999000+00:00,2024-12-25
2024-12-25T18:00:00.000Z,0.037495250799258195,0.0372568810755306,0.036484892522716514,0.036663704202769376,2655885.1090372405,2024-12-25 18:59:59.999000+00:00,2024-12-25
2024-12-25T19:00:00.000Z,0.036698507429998896,0.03723020602266069,0.03669970317071309,0.03694734477650554,2392315.0129335593,2024-12-25 19:59:59.999000+00:00,2024-12-25
2024-12-25T20:00:00.000Z,0.03686597780784746,0.03691345795028203,0.03632313301277707,0.036448050328222736,3055710.0917507675,2024-12-25 20:59:59.999000+00:00,2024-12-25
2024-12-25T21:00:00.000Z,0.03648048329934482,0.036964879588494974,0.036374783194947996,0.036423060193784315,2676173.5048297886,2024-12-25 21:59:59.999000+00:00,2024-12-25
2024-12-25T22:00:00.000Z,0.036384720165132,0.0364516046585039,0.036070921037297164,0.03618181501132603,2567044.6238353834,2024-12-25 22:59:59.999000+00:00,2024-12-25
2024-12-25T23:00:00.000Z,0.03625656134199459,0.03778611177801313,0.03663411732267534,0.03770557879769207,4545702.657409368,2024-12-25 23:59:59.999000+00:00,2024-12-25
2024-12-26T00:00:00.000Z,0.03766256491189954,0.038102444057280804,0.03724634204708593,0.03756909023343846,7012368.113899743,2024-12-26 00:59:59.999000+00:00,2024-12-25
2024-12-26T01:00:00.000Z,0.03757452046869712,0.03753927994014142,0.03668954488709643,0.037521816574258224,4997158.785982237,2024-12-26 01:59:59.999000+00:00,2024-12-26
2024-12-26T02:00:00.000Z,0.037520200977666694,0.038801168997431475,0.037507290722570356,0.038667078280465346,8424228.818876045,2024-12-26 02:59:59.999000+00:00,2024-12-26
2024-12-26T03:00:00.000Z,0.038667078280465346,0.04272186804454058,0.03868353486998447,0.04231377052923798,16493586.93856014,2024-12-26 03:59:59.999000+00:00,2024-12-26
2024-12-26T04:00:00.000Z,0.042324458539029094,0.0430513213193303,0.04127315503585566,0.04177627039510935,10627411.712863928,2024-12-26 04:59:59.999000+00:00,2024-12-26
2024-12-26T05:00:00.000Z,0.04177833094680475,0.041683895032941426,0.040500241108127895,0.040681121355040775,6907754.0853069285,2024-12-26 05:59:59.999000+00:00,2024-12-26
2024-12-26T06:00:00.000Z,0.040681121355040775,0.040488068378818354,0.03960461675041952,0.0397013073601985,6052730.210371881,2024-12-26 06:59:59.999000+00:00,2024-12-26
2024-12-26T07:00:00.000Z,0.0397013073601985,0.039899541535022155,0.03882803991861818,0.039052294065601276,4492500.161730279,2024-12-26 07:59:59.999000+00:00,2024-12-26
2024-12-26T08:00:00.000Z,0.03904811916141177,0.038858531246575984,0.03778462642742008,0.03818385538479526,6761752.652051183,2024-12-26 08:59:59.999000+00:00,2024-12-26
2024-12-26T09:00:00.000Z,0.03821245662766094,0.03935893755545069,0.037947212183129415,0.038444580721223,4226664.640648109,2024-12-26 09:59:59.999000+00:00,2024-12-26
2024-12-26T10:00:00.000Z,0.03837007648860053,0.03977705039313102,0.03857872940516926,0.03959962554723657,6364936.68409339,2024-12-26 10:59:59.999000+00:00,2024-12-26
2024-12-26T11:00:00.000Z,0.03959561260124592,0.0405305942511469,0.039590162464312614,0.03999495088971286,6497065.524229228,2024-12-26 11:59:59.999000+00:00,2024-12-26
2024-12-26T12:00:00.000Z,0.03999495088971286,0.03986721423329264,0.03865730973324331,0.03878632250393053,5865670.048743538,2024-12-26 12:59:59.999000+00:00,2024-12-26
2024-12-26T13:00:00.000Z,0.03874788089701407,0.039495533770120994,0.03884330178924152,0.03929009983744958,5211172.981778928,2024-12-26 13:59:59.999000+00:00,2024-12-26
2024-12-26T14:00:00.000Z,0.039275716633489284,0.03911428546392214,0.03634991211844131,0.037077465815961434,9305643.578388644,2024-12-26 14:59:59.999000+00:00,2024-12-26
2024-12-26T15:00:00.000Z,0.037149425829143115,0.03740816877557278,0.03670638089621686,0.03713546535535233,4949053.551423465,2024-12-26 15:59:59.999000+00:00,2024-12-26
2024-12-26T16:00:00.000Z,0.03706512865307655,0.03874486809920813,0.037180228517132416,0.03819064335205979,7137654.576897708,2024-12-26 16:59:59.999000+00:00,2024-12-26
2024-12-26T17:00:00.000Z,0.03820869408816191,0.03851239831561115,0.03791884921929237,0.038231838211816034,3475925.652792594,2024-12-26 17:59:59.999000+00:00,2024-12-26
2024-12-26T18:00:00.000Z,0.03821524417216012,0.03867097487360651,0.037681659445014136,0.03860154784376749,4399657.085694661,2024-12-26 18:59:59.999000+00:00,2024-12-26
2024-12-26T19:00:00.000Z,0.03859566865839074,0.038856130422160615,0.038311120956640896,0.038467004554813715,4377996.322977127,2024-12-26 19:59:59.999000+00:00,2024-12-26
2024-12-26T20:00:00.000Z,0.0384178618069412,0.038633469130976456,0.03789121405657087,0.038023038182288624,3415883.0487136734,2024-12-26 20:59:59.999000+00:00,2024-12-26
2024-12-26T21:00:00.000Z,0.0380221823145945,0.03897901919516605,0.037991399514906245,0.03819199994796778,2663073.0868253685,2024-12-26 21:59:59.999000+00:00,2024-12-26
2024-12-26T22:00:00.000Z,0.038216645508365045,0.03863207604282129,0.03792563812641375,0.0382367639480731,3181928.273668397,2024-12-26 22:59:59.999000+00:00,2024-12-26
2024-12-26T23:00:00.000Z,0.03827166540709686,0.03820202489873168,0.03772976255444034,0.03808028050903004,2985354.64076208,2024-12-26 23:59:59.999000+00:00,2024-12-26
2024-12-27T00:00:00.000Z,0.03812558393407992,0.037988166603861354,0.03730085761308998,0.03766501798998339,4896391.610146089,2024-12-27 00:59:59.999000+00:00,2024-12-26
2024-12-27T01:00:00.000Z,0.0377570952576479,0.03791864029613254,0.03726042655485395,0.03728951537076918,3592822.2582591176,2024-12-27 01:59:59.999000+00:00,2024-12-27
2024-12-27T02:00:00.000Z,0.037313560056737215,0.03719303523073189,0.03590448592789111,0.0359543699336056,5180343.426197429,2024-12-27 02:59:59.999000+00:00,2024-12-27
2024-12-27T03:00:00.000Z,0.03588888055431203,0.03669670290452504,0.03615619301294674,0.03662062353556841,3574493.166944556,2024-12-27 03:59:59.999000+00:00,2024-12-27
2024-12-27T04:00:00.000Z,0.036576391126486515,0.03692036102849126,0.036055846316340866,0.03607238467138306,3593276.8463585996,2024-12-27 04:59:59.999000+00:00,2024-12-27
2024-12-27T05:00:00.000Z,0.03608755635380992,0.03591590429374317,0.03526186445208357,0.03556114380072418,3402043.7118275613,2024-12-27 05:59:59.999000+00:00,2024-12-27
2024-12-27T06:00:00.000Z,0.035592177373503335,0.03567017060849188,0.03523932805376825,0.03529576216263342,2505978.3331681397,2024-12-27 06:59:59.999000+00:00,2024-12-27
2024-12-27T07:00:00.000Z,0.03531453855888345,0.035627909374841296,0.035044728051983866,0.035452699213056306,3595683.920622098,2024-12-27 07:59:59.999000+00:00,2024-12-27
2024-12-27T08:00:00.000Z,0.035463841390495944,0.03619126297353073,0.035460590211489444,0.03595375437990381,4301100.081773188,2024-12-27 08:59:59.999000+00:00,2024-12-27
2024-12-27T09:00:00.000Z,0.035864810259082926,0.03665394777975376,0.035683849872232914,0.03570265947893788,4582254.924679026,2024-12-27 09:59:59.999000+00:00,2024-12-27
2024-12-27T10:00:00.000Z,0.03570049097960844,0.03565895164141654,0.03510444820717459,0.03515989264662001,3510849.7526136297,2024-12-27 10:59:59.999000+00:00,2024-12-27
2024-12-27T11:00:00.000Z,0.035180012149883436,0.035326098751434484,0.03490396952669282,0.03528617413063506,4535537.756930575,2024-12-27 11:59:59.999000+00:00,2024-12-27
2024-12-27T12:00:00.000Z,0.03531642844763653,0.03547738648404831,0.03498091283246712,0.03528248569449757,2617676.884856695,2024-12-27 12:59:59.999000+00:00,2024-12-27
2024-12-27T13:00:00.000Z,0.035268249726089274,0.035468261508232235,0.034661051480278156,0.03530707650205872,4042127.9070805106,2024-12-27 13:59:59.999000+00:00,2024-12-27
2024-12-27T14:00:00.000Z,0.03532973660747949,0.0352982443954728,0.03431692683514964,0.034469048593362715,3013715.407380437,2024-12-27 14:59:59.999000+00:00,2024-12-27
2024-12-27T15:00:00.000Z,0.03446601444090464,0.03459923201411452,0.034112369255378056,0.0342442855090259,4868449.127683717,2024-12-27 15:59:59.999000+00:00,2024-12-27
2024-12-27T16:00:00.000Z,0.03436155727301244,0.034135276389997714,0.033316781240394285,0.033476823762697866,3920213.9955044338,2024-12-27 16:59:59.999000+00:00,2024-12-27
2024-12-27T17:00:00.000Z,0.03345838242292051,0.0348678204896139,0.033202306813276405,0.033620111050482716,2496812.1621002737,2024-12-27 17:59:59.999000+00:00,2024-12-27
2024-12-27T18:00:00.000Z,0.03362322630853927,0.03463237740382322,0.0338737443391962,0.034626118445738416,2911679.4136903444,2024-12-27 18:59:59.999000+00:00,2024-12-27
2024-12-27T19:00:00.000Z,0.03462816826658597,0.03456240885950302,0.03402450834658933,0.03423927152490797,1565621.100645572,2024-12-27 19:59:59.999000+00:00,2024-12-27
2024-12-27T20:00:00.000Z,0.03420775308584457,0.034148267284637886,0.03390848780735396,0.034060346139021154,929212.2938811131,2024-12-27 20:59:59.999000+00:00,2024-12-27
2024-12-27T21:00:00.000Z,0.03412083129431942,0.03417251645351411,0.033717194028442976,0.033751860228808606,1134480.092916185,2024-12-27 21:59:59.999000+00:00,2024-12-27
2024-12-27T22:00:00.000Z,0.033766685410668476,0.03378939843758122,0.033498369962686514,0.03363477515041524,1680812.8929365105,2024-12-27 22:59:59.999000+00:00,2024-12-27
2024-12-27T23:00:00.000Z,0.033640431860180536,0.034056436322928554,0.03353365298421243,0.03391721367915342,1670378.7594895714,2024-12-27 23:59:59.999000+00:00,2024-12-27
2024-12-28T00:00:00.000Z,0.03397142317560607,0.033837219253379985,0.03339343260572878,0.033683138816594134,2391570.569575175,2024-12-28 00:59:59.999000+00:00,2024-12-27
2024-12-28T01:00:00.000Z,0.03371681829564499,0.03409160325765832,0.03361326780947466,0.033646909045304346,2908715.326790175,2024-12-28 01:59:59.999000+00:00,2024-12-28
2024-12-28T02:00:00.000Z,0.033634826710336393,0.03390526772129565,0.03360001163264923,0.033684142873816214,2054646.851893827,2024-12-28 02:59:59.999000+00:00,2024-12-28
2024-12-28T03:00:00.000Z,0.03367703604203944,0.034323933431498845,0.03385345083171969,0.034203192849049276,2051943.7533141512,2024-12-28 03:59:59.999000+00:00,2024-12-28
2024-12-28T04:00:00.000Z,0.03418958891615,0.03420537550962957,0.03379533527983063,0.033997748784716494,1898817.8508734838,2024-12-28 04:59:59.999000+00:00,2024-12-28
2024-12-28T05:00:00.000Z,0.034079530863511884,0.033970041714272314,0.03358068844047049,0.033587068779126296,2016527.866378027,2024-12-28 05:59:59.999000+00:00,2024-12-28
2024-12-28T06:00:00.000Z,0.03355674265821458,0.03366031449679226,0.03325033036804025,0.03337626676492952,2096094.1871737302,2024-12-28 06:59:59.999000+00:00,2024-12-28
2024-12-28T07:00:00.000Z,0.03340325397658421,0.034107092259202866,0.033606299646974334,0.033873640865587036,2456866.1191200106,2024-12-28 07:59:59.999000+00:00,2024-12-28
2024-12-28T08:00:00.000Z,0.03385201461385894,0.034261904967204285,0.03377193176596788,0.034223882673376005,2461732.8104891027,2024-12-28 08:59:59.999000+00:00,2024-12-28
2024-12-28T09:00:00.000Z,0.034113295738573544,0.0348438393314778,0.03439162084603281,0.034752759401739365,2502832.173584836,2024-12-28 09:59:59.999000+00:00,2024-12-28
2024-12-28T10:00:00.000Z,0.034761305211835916,0.03471701021771319,0.034304610399258105,0.03431879210944618,2150384.543746847,2024-12-28 10:59:59.999000+00:00,2024-12-28
2024-12-28T11:00:00.000Z,0.03443667861431813,0.035413440891017556,0.03428951948389278,0.03532476605625706,4939726.609426973,2024-12-28 11:59:59.999000+00:00,2024-12-28
2024-12-28T12:00:00.000Z,0.03538665779097687,0.03528634159272353,0.034736838300013714,0.03478520750568222,3116924.3500117017,2024-12-28 12:59:59.999000+00:00,2024-12-28
2024-12-28T13:00:00.000Z,0.03482355748517818,0.03502637906578391,0.034175257014673006,0.03420445097907818,2897371.053524257,2024-12-28 13:59:59.999000+00:00,2024-12-28
2024-12-28T14:00:00.000Z,0.0341860951687021,0.03515244578966626,0.034267626226883625,0.035018709883836506,4266456.916423497,2024-12-28 14:59:59.999000+00:00,2024-12-28
2024-12-28T15:00:00.000Z,0.03497073224807373,0.0367426842479881,0.035288481517179886,0.03611864276504297,6617269.262173995,2024-12-28 15:59:59.999000+00:00,2024-12-28
2024-12-28T16:00:00.000Z,0.036114549837244436,0.03637419294990513,0.035788248732941515,0.03589682181454195,6544584.234989975,2024-12-28 16:59:59.999000+00:00,2024-12-28
2024-12-28T17:00:00.000Z,0.03589330247418288,0.03589387454178057,0.035449813614557804,0.03552003267385078,3798221.4068465587,2024-12-28 17:59:59.999000+00:00,2024-12-28
2024-12-28T18:00:00.000Z,0.03566398573311782,0.03588741924082809,0.03547974222163007,0.03554703906695435,4697519.936854051,2024-12-28 18:59:59.999000+00:00,2024-12-28
2024-12-28T19:00:00.000Z,0.03552556364817101,0.03599203162916993,0.035506303141089254,0.0359813113233749,2900610.1707584793,2024-12-28 19:59:59.999000+00:00,2024-12-28
2024-12-28T20:00:00.000Z,0.035821014723659964,0.03656199253643974,0.03589706094775796,0.03601956648201798,3481090.4096919633,2024-12-28 20:59:59.999000+00:00,2024-12-28
2024-12-28T21:00:00.000Z,0.03598255540869034,0.036136305911680856,0.03569767580662858,0.0359165700050877,3882871.6592667876,2024-12-28 21:59:59.999000+00:00,2024-12-28
2024-12-28T22:00:00.000Z,0.03595956088047103,0.03682497635247501,0.03617321922017608,0.03659535513018927,2317174.2014259654,2024-12-28 22:59:59.999000+00:00,2024-12-28
2024-12-28T23:00:00.000Z,0.03652128728210562,0.036639752078141186,0.035755375729254524,0.03599437982912993,4051639.6971382997,2024-12-28 23:59:59.999000+00:00,2024-12-28
2024-12-29T00:00:00.000Z,0.036003937029561964,0.03588942770542083,0.035278930319252784,0.035403372885814924,3304316.4877032386,2024-12-29 00:59:59.999000+00:00,2024-12-28
2024-12-29T01:00:00.000Z,0.03540414289258271,0.03624351893848479,0.03554535497960731,0.035937053087901294,4084910.124083022,2024-12-29 01:59:59.999000+00:00,2024-12-29
2024-12-29T02:00:00.000Z,0.03595418458022338,0.03585738059879003,0.035433851498578826,0.035479668436589604,4475100.627542556,2024-12-29 02:59:59.999000+00:00,2024-12-29
2024-12-29T03:00:00.000Z,0.03550414280724269,0.03546196077759723,0.03517812407843468,0.035349734021253305,1539644.7628516883,2024-12-29 03:59:59.999000+00:00,2024-12-29
2024-12-29T04:00:00.000Z,0.035357343202394906,0.035591590250563354,0.035226214681094624,0.03552488086483584,2152654.0522467736,2024-12-29 04:59:59.999000+00:00,2024-12-29
2024-12-29T05:00:00.000Z,0.035566787958174584,0.035737946841993475,0.035300995002613,0.035560175264226807,2471834.553533378,2024-12-29 05:59:59.999000+00:00,2024-12-29
2024-12-29T06:00:00.000Z,0.035524774701678814,0.035960041227604995,0.03551970710519893,0.03557013055133195,3098103.1314617945,2024-12-29 06:59:59.999000+00:00,2024-12-29
2024-12-29T07:00:00.000Z,0.03552892659829967,0.03606492231538754,0.03523926132769535,0.035292133554247054,1722923.150454082,2024-12-29 07:59:59.999000+00:00,2024-12-29
2024-12-29T08:00:00.000Z,0.03528289411033635,0.035377933844319386,0.03504471069317772,0.03510496245352528,1462994.293902429,2024-12-29 08:59:59.999000+00:00,2024-12-29
2024-12-29T09:00:00.000Z,0.03514066484984928,0.03520332206884892,0.03488273965170065,0.035056748637015814,1616195.601887303,2024-12-29 09:59:59.999000+00:00,2024-12-29
2024-12-29T10:00:00.000Z,0.03510250912041642,0.035492929580732906,0.035200936300804044,0.03532147690071583,1467570.8784178267,2024-12-29 10:59:59.999000+00:00,2024-12-29
2024-12-29T11:00:00.000Z,0.03526423584175458,0.03547938241612359,0.03513373702096957,0.035332819786808085,1430994.5975033664,2024-12-29 11:59:59.999000+00:00,2024-12-29
2024-12-29T12:00:00.000Z,0.03529791797685299,0.035303873811432206,0.03442033260594492,0.03445161584066585,2894293.6042231647,2024-12-29 12:59:59.999000+00:00,2024-12-29
2024-12-29T13:00:00.000Z,0.03446630839360533,0.034440852899555396,0.0340294251786988,0.03423714934284128,2050056.1457979407,2024-12-29 13:59:59.999000+00:00,2024-12-29
2024-12-29T14:00:00.000Z,0.034275313984157854,0.034244714149825314,0.03381650357265369,0.034000248241104244,3611904.875018788,2024-12-29 14:59:59.999000+00:00,2024-12-29
2024-12-29T15:00:00.000Z,0.03400109978840319,0.03385406638059797,0.03343260120585239,0.03347741302908112,1571879.9159035669,2024-12-29 15:59:59.999000+00:00,2024-12-29
2024-12-29T16:00:00.000Z,0.033497875438604045,0.03372906640595966,0.033216908089922115,0.03344558097719331,2560013.0461366167,2024-12-29 16:59:59.999000+00:00,2024-12-29
2024-12-29T17:00:00.000Z,0.0334859691817843,0.033368171373332006,0.03297046561133346,0.033108199509133816,1539386.767208054,2024-12-29 17:59:59.999000+00:00,2024-12-29
2024-12-29T18:00:00.000Z,0.03316880728589499,0.03297377684264417,0.03242878787658699,0.03254894780527647,2074012.2450461753,2024-12-29 18:59:59.999000+00:00,2024-12-29
2024-12-29T19:00:00.000Z,0.032614961932814185,0.03283519312354831,0.03260088863125938,0.03262375465218472,770158.40356035,2024-12-29 19:59:59.999000+00:00,2024-12-29
2024-12-29T20:00:00.000Z,0.03254464026068508,0.03263861128096246,0.032246834050115594,0.03226963765997041,1428431.5708622234,2024-12-29 20:59:59.999000+00:00,2024-12-29
2024-12-29T21:00:00.000Z,0.03237554194068027,0.03222567917680229,0.0319367683718303,0.03198020710097731,1702780.1800404883,2024-12-29 21:59:59.999000+00:00,2024-12-29
2024-12-29T22:00:00.000Z,0.03198360035053449,0.03210503258470112,0.03154046078791138,0.0318701228843746,2297770.724396711,2024-12-29 22:59:59.999000+00:00,2024-12-29
2024-12-29T23:00:00.000Z,0.03195541352524581,0.032057497240095406,0.031803339400740614,0.03190116926812327,1523687.2711007008,2024-12-29 23:59:59.999000+00:00,2024-12-29
2024-12-30T00:00:00.000Z,0.03183455008775303,0.03245196692831563,0.03206202802789341,0.032304669256501634,3567232.295672122,2024-12-30 00:59:59.999000+00:00,2024-12-29
2024-12-30T01:00:00.000Z,0.03226308367880038,0.03270975593594606,0.03236666338567868,0.03254627746099119,3615941.553224549,2024-12-30 01:59:59.999000+00:00,2024-12-30
2024-12-30T02:00:00.000Z,0.03247828674756232,0.03262813645553017,0.0322193653453015,0.032363240151166414,1198741.1035970878,2024-12-30 02:59:59.999000+00:00,2024-12-30
2024-12-30T03:00:00.000Z,0.03241778992782323,0.032213943574301615,0.03187986891314538,0.031996105000280925,1592104.8098035438,2024-12-30 03:59:59.999000+00:00,2024-12-30
2024-12-30T04:00:00.000Z,0.03199679068119357,0.03226971739144873,0.03197370848390952,0.03207123831780369,1695087.896725636,2024-12-30 04:59:59.999000+00:00,2024-12-30
2024-12-30T05:00:00.000Z,0.032054633710509345,0.03238471365941659,0.03189633750949039,0.03232442486472443,2023423.9281605612,2024-12-30 05:59:59.999000+00:00,2024-12-30
2024-12-30T06:00:00.000Z,0.03229326586806922,0.03291331773157596,0.03247372401978633,0.03287761199015604,1957108.8450939367,2024-12-30 06:59:59.999000+00:00,2024-12-30
2024-12-30T07:00:00.000Z,0.03287776418821498,0.03275621123447773,0.03244528771091505,0.03258338223411793,1605226.0968693781,2024-12-30 07:59:59.999000+00:00,2024-12-30
2024-12-30T08:00:00.000Z,0.03263482983254521,0.03292937450077962,0.03265748634197991,0.032770941045423496,1016506.6651844901,2024-12-30 08:59:59.999000+00:00,2024-12-30
2024-12-30T09:00:00.000Z,0.03278580754440559,0.032607186884174105,0.03232880628608403,0.03236503446407997,1057194.0321081406,2024-12-30 09:59:59.999000+00:00,2024-12-30
2024-12-30T10:00:00.000Z,0.032394897547470033,0.032480732214387686,0.032140530684082645,0.0323066919467652,1501242.5995345758,2024-12-30 10:59:59.999000+00:00,2024-12-30
2024-12-30T11:00:00.000Z,0.03228140616841765,0.032392149536222846,0.03208152664735003,0.03224169437453115,1222469.4095768812,2024-12-30 11:59:59.999000+00:00,2024-12-30
2024-12-30T12:00:00.000Z,0.03224586867552828,0.032248813642695426,0.031887444067576085,0.03192744502204294,1482048.5155629374,2024-12-30 12:59:59.999000+00:00,2024-12-30
2024-12-30T13:00:00.000Z,0.03198143012719833,0.031815860480140415,0.030795388874988734,0.030819335397242697,3566441.5918285493,2024-12-30 13:59:59.999000+00:00,2024-12-30
2024-12-30T14:00:00.000Z,0.030868826065287826,0.030778594319553352,0.030262293296764387,0.030349920059668845,3001057.8103645993,2024-12-30 14:59:59.999000+00:00,2024-12-30
2024-12-30T15:00:00.000Z,0.030353035216847048,0.03085501084018975,0.03024659273151686,0.030768879282796188,2884010.582369173,2024-12-30 15:59:59.999000+00:00,2024-12-30
2024-12-30T16:00:00.000Z,0.030780573816639924,0.032002738561036706,0.030558783237838467,0.03062219159206955,2733268.397282509,2024-12-30 16:59:59.999000+00:00,2024-12-30
2024-12-30T17:00:00.000Z,0.030597237013360496,0.03135261881685901,0.030510682447333102,0.031202711798267432,3088982.4096432882,2024-12-30 17:59:59.999000+00:00,2024-12-30
2024-12-30T18:00:00.000Z,0.03124943355489981,0.031799237704859366,0.03137099321647781,0.03159982106353022,2317567.1074742978,2024-12-30 18:59:59.999000+00:00,2024-12-30
2024-12-30T19:00:00.000Z,0.03145428678519598,0.03196657826114048,0.03159920744999694,0.03189780949681655,4055331.662483763,2024-12-30 19:59:59.999000+00:00,2024-12-30
2024-12-30T20:00:00.000Z,0.03192825627485869,0.032083292393246275,0.031742545096389255,0.03177006467276143,1630678.962776706,2024-12-30 20:59:59.999000+00:00,2024-12-30
2024-12-30T21:00:00.000Z,0.031710617233792926,0.031542396528528915,0.030870690739579418,0.030943647742958273,2072132.3323143176,2024-12-30 21:59:59.999000+00:00,2024-12-30
2024-12-30T22:00:00.000Z,0.030891294510285907,0.030905255087633057,0.03060078501080717,0.030767991464705553,1491586.5746001604,2024-12-30 22:59:59.999000+00:00,2024-12-30
2024-12-30T23:00:00.000Z,0.03086896345343475,0.03090580960839539,0.030566545454810412,0.030812538882494515,1345913.1732134474,2024-12-30 23:59:59.999000+00:00,2024-12-30
2024-12-31T00:00:00.000Z,0.030900015648803937,0.030824133812018657,0.030518845066656808,0.030542731027360832,1287307.367590222,2024-12-31 00:59:59.999000+00:00,2024-12-30
2024-12-31T01:00:00.000Z,0.03056916857439138,0.030687513509328884,0.03027949183246146,0.030634081310766018,2001967.3629590452,2024-12-31 01:59:59.999000+00:00,2024-12-31
2024-12-31T02:00:00.000Z,0.030652705605890018,0.030680845792175827,0.03028653876206139,0.03029861862555888,1912756.7518926272,2024-12-31 02:59:59.999000+00:00,2024-12-31
2024-12-31T03:00:00.000Z,0.03028796642707642,0.030252857546855222,0.03005064176940318,0.030105579143568196,2046240.0690905459,2024-12-31 03:59:59.999000+00:00,2024-12-31
2024-12-31T04:00:00.000Z,0.030191106987581328,0.030098633949866335,0.029683954403950916,0.029719105519933457,1667456.5992366972,2024-12-31 04:59:59.999000+00:00,2024-12-31
2024-12-31T05:00:00.000Z,0.029704630391477586,0.029911999027057087,0.02965195909101741,0.029854058351983247,1125016.3520788592,2024-12-31 05:59:59.999000+00:00,2024-12-31
2024-12-31T06:00:00.000Z,0.029880963132511557,0.030173533390700596,0.029764320937366202,0.029807142298767266,2361235.5682241335,2024-12-31 06:59:59.999000+00:00,2024-12-31
2024-12-31T07:00:00.000Z,0.029787688324297217,0.030041510339224687,0.0298754233147919,0.029935082885859745,729386.2750928839,2024-12-31 07:59:59.999000+00:00,2024-12-31
2024-12-31T08:00:00.000Z,0.029881023104747474,0.030791120885121315,0.03028843815929334,0.030768083385678775,2728408.0209994456,2024-12-31 08:59:59.999000+00:00,2024-12-31
2024-12-31T09:00:00.000Z,0.030781136076642346,0.030810124351623832,0.0305335600033398,0.030679487637399697,1892738.4678562116,2024-12-31 09:59:59.999000+00:00,2024-12-31
2024-12-31T10:00:00.000Z,0.030613597964033887,0.030547956794072507,0.03030773777302474,0.030423739858056967,1120756.31000112,2024-12-31 10:59:59.999000+00:00,2024-12-31
2024-12-31T11:00:00.000Z,0.030445657589802794,0.030451501350271915,0.030263169983121965,0.030335269700974693,1441299.1060444047,2024-12-31 11:59:59.999000+00:00,2024-12-31
2024-12-31T12:00:00.000Z,0.03038076217302259,0.030469911885820072,0.030264442656434208,0.030268612144036866,1515555.511134566,2024-12-31 12:59:59.999000+00:00,2024-12-31
2024-12-31T13:00:00.000Z,0.030312878319149937,0.030900763947296427,0.03029844322023344,0.030835255806959932,2052718.4837022931,2024-12-31 13:59:59.999000+00:00,2024-12-31
2024-12-31T14:00:00.000Z,0.03069670451635236,0.03312818571205268,0.031098978920417852,0.03255940496919536,11132592.048660867,2024-12-31 14:59:59.999000+00:00,2024-12-31
2024-12-31T15:00:00.000Z,0.032572590991044335,0.03346399829045303,0.03271896092130341,0.033319554111628444,5773440.577701763,2024-12-31 15:59:59.999000+00:00,2024-12-31
2024-12-31T16:00:00.000Z,0.03329274755426949,0.03306236490682615,0.0324738399021112,0.03266492678826853,4137374.0870036,2024-12-31 16:59:59.999000+00:00,2024-12-31
2024-12-31T17:00:00.000Z,0.0326778513799827,0.03283523189316726,0.032314706756534556,0.03261672634099233,3610489.2033085898,2024-12-31 17:59:59.999000+00:00,2024-12-31
2024-12-31T18:00:00.000Z,0.0326523274696376,0.03353050971120581,0.032325875973304954,0.033478482874500545,4783774.871822806,2024-12-31 18:59:59.999000+00:00,2024-12-31
2024-12-31T19:00:00.000Z,0.03346108993750086,0.03406392699492615,0.03353395584573762,0.03404879216311735,3881326.0250635874,2024-12-31 19:59:59.999000+00:00,2024-12-31
2024-12-31T20:00:00.000Z,0.03401870531320169,0.03409913309087973,0.03297007039692634,0.03343143641202759,3815135.803959799,2024-12-31 20:59:59.999000+00:00,2024-12-31
2024-12-31T21:00:00.000Z,0.033425887152382414,0.033322766733180194,0.03299607431045738,0.033223156714747286,2401758.302164219,2024-12-31 21:59:59.999000+00:00,2024-12-31
2024-12-31T22:00:00.000Z,0.03326525920940719,0.033757221952564885,0.033135480114707315,0.03357130650224333,2344694.3073389083,2024-12-31 22:59:59.999000+00:00,2024-12-31
2024-12-31T23:00:00.000Z,0.03360338562330097,0.033524812977190094,0.03327036219183847,0.033323240304419355,2118543.4285330265,2024-12-31 23:59:59.999000+00:00,2024-12-31
2025-01-01T00:00:00.000Z,0.0333809250319219,0.034418719331471226,0.03308863654974131,0.034415320513258886,4623585.382117371,2025-01-01 00:59:59.999000+00:00,2024-12-31
2025-01-01T01:00:00.000Z,0.03440404651066054,0.0349889673456198,0.03448730118650005,0.03488834820760401,4669409.652217043,2025-01-01 01:59:59.999000+00:00,2025-01-01
2025-01-01T02:00:00.000Z,0.03485518247227903,0.03560962156413653,0.03495627671802836,0.0353163705587435,4725146.642719904,2025-01-01 02:59:59.999000+00:00,2025-01-01
2025-01-01T03:00:00.000Z,0.035295611926082965,0.035202110447802915,0.03478044076449258,0.035005848032410775,2881183.1602375023,2025-01-01 03:59:59.999000+00:00,2025-01-01
2025-01-01T04:00:00.000Z,0.03503097286911671,0.034801128462064054,0.03419888671786726,0.03421151139689764,2143215.4086347558,2025-01-01 04:59:59.999000+00:00,2025-01-01
2025-01-01T05:00:00.000Z,0.03424964122610402,0.03469563736703184,0.034049341689437476,0.03466776483076735,2456142.237521588,2025-01-01 05:59:59.999000+00:00,2025-01-01
2025-01-01T06:00:00.000Z,0.03468719643595059,0.03470434555502055,0.03413890270527746,0.034301669635211945,2695030.2868743665,2025-01-01 06:59:59.999000+00:00,2025-01-01
2025-01-01T07:00:00.000Z,0.03432051258296776,0.03445849350031124,0.034135549923321504,0.034395361386491914,2036274.002292342,2025-01-01 07:59:59.999000+00:00,2025-01-01
2025-01-01T08:00:00.000Z,0.03440259718525764,0.03503393988718476,0.03429167907099417,0.03430945630127417,2159998.488267974,2025-01-01 08:59:59.999000+00:00,2025-01-01
2025-01-01T09:00:00.000Z,0.03436303367252508,0.0341227252678638,0.033486976274000387,0.033936794246868275,3498164.6126436293,2025-01-01 09:59:59.999000+00:00,2025-01-01
2025-01-01T10:00:00.000Z,0.033958509613117936,0.03458741017899615,0.03386051313871112,0.03408528917462807,3457051.7723315116,2025-01-01 10:59:59.999000+00:00,2025-01-01
2025-01-01T11:00:00.000Z,0.034094183641993125,0.03432852165390131,0.03364935965136112,0.03427487354157012,2957955.1850776556,2025-01-01 11:59:59.999000+00:00,2025-01-01
2025-01-01T12:00:00.000Z,0.034341591941571756,0.03445889050951718,0.03412122770281638,0.034310824824184134,2402154.6694392627,2025-01-01 12:59:59.999000+00:00,2025-01-01
2025-01-01T13:00:00.000Z,0.03422898117648676,0.034010167893225245,0.033297505747792736,0.03352969711303842,4039199.2270636773,2025-01-01 13:59:59.999000+00:00,2025-01-01
2025-01-01T14:00:00.000Z,0.03355732956809196,0.03411394749178219,0.03369520123590694,0.03394538505276022,2502167.4898722973,2025-01-01 14:59:59.999000+00:00,2025-01-01
2025-01-01T15:00:00.000Z,0.03388992249607538,0.03459234507926248,0.03401207708667447,0.03452050004534978,2930673.5122694746,2025-01-01 15:59:59.999000+00:00,2025-01-01
2025-01-01T16:00:00.000Z,0.034549865830769376,0.03567998321583614,0.033886872866480726,0.03394573973630608,2698995.854819598,2025-01-01 16:59:59.999000+00:00,2025-01-01
2025-01-01T17:00:00.000Z,0.03401219569736116,0.03463495071432604,0.034098643706815084,0.03460923901541246,3436374.0427640146,2025-01-01 17:59:59.999000+00:00,2025-01-01
2025-01-01T18:00:00.000Z,0.03452587410893043,0.03524008650905238,0.034598938354405695,0.03518631831232549,3488728.5088445647,2025-01-01 18:59:59.999000+00:00,2025-01-01
2025-01-01T19:00:00.000Z,0.03514602675521245,0.03628524294515833,0.03539133800398772,0.03626610249302373,5160750.334114459,2025-01-01 19:59:59.999000+00:00,2025-01-01
2025-01-01T20:00:00.000Z,0.03626610249302373,0.03889036220145226,0.036457824050011044,0.038759599898587245,8707492.282980325,2025-01-01 20:59:59.999000+00:00,2025-01-01
2025-01-01T21:00:00.000Z,0.038759599898587245,0.0399222965965559,0.03870135700929381,0.039789218119106594,7742256.741536041,2025-01-01 21:59:59.999000+00:00,2025-01-01
2025-01-01T22:00:00.000Z,0.039809290980949895,0.03946549225709154,0.03837343576192004,0.03843767277625839,6584437.757847144,2025-01-01 22:59:59.999000+00:00,2025-01-01
2025-01-01T23:00:00.000Z,0.038435437235728835,0.03957253214286488,0.03869839994145809,0.03926371228508949,3844971.2154282536,2025-01-01 23:59:59.999000+00:00,2025-01-01
2025-01-02T00:00:00.000Z,0.039206785322093284,0.04883200395541964,0.03899277521861045,0.04019433028016382,10016279.478565702,2025-01-02 00:59:59.999000+00:00,2025-01-01
2025-01-02T01:00:00.000Z,0.04022401643021723,0.04061456156828165,0.03972547584841465,0.03989264739143868,5698853.05805459,2025-01-02 01:59:59.999000+00:00,2025-01-02
2025-01-02T02:00:00.000Z,0.039847979936767156,0.0397164158645559,0.03862348047126701,0.03870467465278548,5057212.259648299,2025-01-02 02:59:59.999000+00:00,2025-01-02
2025-01-02T03:00:00.000Z,0.03870467465278548,0.03858420357993393,0.03811034619329821,0.03846767785315748,4915806.408110485,2025-01-02 03:59:59.999000+00:00,2025-01-02
2025-01-02T04:00:00.000Z,0.03848598072135033,0.03912009389260816,0.03851719714747804,0.03877004775290042,4636608.538577935,2025-01-02 04:59:59.999000+00:00,2025-01-02
2025-01-02T05:00:00.000Z,0.038769364541825245,0.03874450168542246,0.03840925333469051,0.03853434620914119,3387426.741512933,2025-01-02 05:59:59.999000+00:00,2025-01-02
2025-01-02T06:00:00.000Z,0.038539214480878686,0.03864243892157985,0.0383065749383332,0.03856980485346194,3143361.666392886,2025-01-02 06:59:59.999000+00:00,2025-01-02
2025-01-02T07:00:00.000Z,0.03856223409927425,0.039444076506809596,0.03809760865745473,0.03916810350454837,4207833.191426706,2025-01-02 07:59:59.999000+00:00,2025-01-02
2025-01-02T08:00:00.000Z,0.03916603770415063,0.038188060763946804,0.03773802421110839,0.037760004674261494,2783367.3991699684,2025-01-02 08:59:59.999000+00:00,2025-01-02
2025-01-02T09:00:00.000Z,0.03776049959372187,0.03777415934339552,0.03731366144115527,0.037377245362212846,2906500.9160764273,2025-01-02 09:59:59.999000+00:00,2025-01-02
2025-01-02T10:00:00.000Z,0.03740917356406597,0.03743178913330697,0.036729615315785766,0.036989423115737996,3716765.0652804803,2025-01-02 10:59:59.999000+00:00,2025-01-02
2025-01-02T11:00:00.000Z,0.03699172172242428,0.03806593130418073,0.03737957955118576,0.03780651546613935,4799645.270024687,2025-01-02 11:59:59.999000+00:00,2025-01-02
2025-01-02T12:00:00.000Z,0.03779483048117947,0.037837778358058544,0.03724779873146513,0.03762820446854925,3439454.4703462915,2025-01-02 12:59:59.999000+00:00,2025-01-02
2025-01-02T13:00:00.000Z,0.03762079861479335,0.03831294694039984,0.037492078446179404,0.038032713386430834,2828080.335479813,2025-01-02 13:59:59.999000+00:00,2025-01-02
2025-01-02T14:00:00.000Z,0.03794806694848572,0.03818611155976736,0.03784552334459508,0.038092503621497756,2073951.0416836583,2025-01-02 14:59:59.999000+00:00,2025-01-02
2025-01-02T15:00:00.000Z,0.03813028223938099,0.038159108021352674,0.03728800007202694,0.03739058044264197,3209099.856349666,2025-01-02 15:59:59.999000+00:00,2025-01-02
2025-01-02T16:00:00.000Z,0.03738978726992857,0.03838747230282099,0.03769353246131117,0.038225470628722294,3350419.1366946083,2025-01-02 16:59:59.999000+00:00,2025-01-02
2025-01-02T17:00:00.000Z,0.0382132336522486,0.03836968127085797,0.03784326816056004,0.038060276854102626,2813527.6859042933,2025-01-02 17:59:59.999000+00:00,2025-01-02
2025-01-02T18:00:00.000Z,0.03811731912655217,0.03793660044921558,0.037423579411223755,0.037545792557817335,2646725.6674367664,2025-01-02 18:59:59.999000+00:00,2025-01-02
2025-01-02T19:00:00.000Z,0.037543076849681854,0.03770040481006221,0.037287071283030146,0.03738701713554105,1269246.1678590577,2025-01-02 19:59:59.999000+00:00,2025-01-02
2025-01-02T20:00:00.000Z,0.037364197931970385,0.03753508203965073,0.03720709264849021,0.03724057234057748,2104702.4914040933,2025-01-02 20:59:59.999000+00:00,2025-01-02
2025-01-02T21:00:00.000Z,0.0372807807064781,0.03756954994468097,0.037220003883607244,0.03740580808142293,2461067.393899979,2025-01-02 21:59:59.999000+00:00,2025-01-02
2025-01-02T22:00:00.000Z,0.037419553828916916,0.037372857301225054,0.03686384119630767,0.03706878576667747,2272290.0391812744,2025-01-02 22:59:59.999000+00:00,2025-01-02
2025-01-02T23:00:00.000Z,0.037107616556625665,0.03720606646826128,0.0369883966935209,0.037095743240435755,2268685.6118445233,2025-01-02 23:59:59.999000+00:00,2025-01-02
2025-01-03T00:00:00.000Z,0.03710936964291638,0.03749204282439741,0.03721446818530757,0.03730460088344961,1776161.8854107624,2025-01-03 00:59:59.999000+00:00,2025-01-02
2025-01-03T01:00:00.000Z,0.03726462567777754,0.03704026286255779,0.036687447014849474,0.036796587696519764,2609974.7641521264,2025-01-03 01:59:59.999000+00:00,2025-01-03
2025-01-03T02:00:00.000Z,0.0367951914858772,0.0373357626664985,0.0369313802970392,0.03704456997363915,2009727.8007990443,2025-01-03 02:59:59.999000+00:00,2025-01-03
2025-01-03T03:00:00.000Z,0.03703672902745571,0.036983459429389826,0.0366762156946458,0.036716578669310364,1569764.1414868198,2025-01-03 03:59:59.999000+00:00,2025-01-03
2025-01-03T04:00:00.000Z,0.036744669095174515,0.03661395108271914,0.0360912854930233,0.03613713233861571,1800253.8189896387,2025-01-03 04:59:59.999000+00:00,2025-01-03
2025-01-03T05:00:00.000Z,0.036127980893289544,0.03656716631005706,0.03617968529862486,0.036489951213727126,2259590.962873458,2025-01-03 05:59:59.999000+00:00,2025-01-03
2025-01-03T06:00:00.000Z,0.03643628250990806,0.036541297667002696,0.03630223940458842,0.036337576106855986,1276609.323882897,2025-01-03 06:59:59.999000+00:00,2025-01-03
2025-01-03T07:00:00.000Z,0.03629308605453946,0.03630831739018657,0.03581342255762751,0.03589805276982212,3463381.217408377,2025-01-03 07:59:59.999000+00:00,2025-01-03
2025-01-03T08:00:00.000Z,0.03591627417103482,0.0358988520342808,0.03546057335558847,0.03562713446783967,1478115.3927472061,2025-01-03 08:59:59.999000+00:00,2025-01-03
2025-01-03T09:00:00.000Z,0.03564513214259073,0.0359490748133919,0.03552291430153955,0.035643252979698684,1822833.1181962884,2025-01-03 09:59:59.999000+00:00,2025-01-03
2025-01-03T10:00:00.000Z,0.03565205774131891,0.03549991294412917,0.0349003944668307,0.03507844815952336,3233199.162246896,2025-01-03 10:59:59.999000+00:00,2025-01-03
2025-01-03T11:00:00.000Z,0.0350776139279315,0.03532257451325205,0.034970563095752805,0.035121040215100666,1777387.880914685,2025-01-03 11:59:59.999000+00:00,2025-01-03
2025-01-03T12:00:00.000Z,0.03511049308795348,0.03505939195679235,0.03426007546777913,0.03437102454809452,3170581.78348193,2025-01-03 12:59:59.999000+00:00,2025-01-03
2025-01-03T13:00:00.000Z,0.034445299458368626,0.03487572824939955,0.0344843770252149,0.03463800325192296,3343390.637595485,2025-01-03 13:59:59.999000+00:00,2025-01-03
2025-01-03T14:00:00.000Z,0.03459589815138521,0.03524818879329325,0.03478101276472415,0.03499368617516498,2198302.42463812,2025-01-03 14:59:59.999000+00:00,2025-01-03
2025-01-03T15:00:00.000Z,0.03485325341931674,0.03631117875535561,0.03520429035788861,0.036257862634641036,3882083.2518487764,2025-01-03 15:59:59.999000+00:00,2025-01-03
2025-01-03T16:00:00.000Z,0.036257862634641036,0.03747159816511208,0.03619706012826755,0.03657714549025949,7083547.689302333,2025-01-03 16:59:59.999000+00:00,2025-01-03
2025-01-03T17:00:00.000Z,0.036476740793307275,0.03720580421592116,0.03662460094090778,0.03696400261673611,3304592.8684103084,2025-01-03 17:59:59.999000+00:00,2025-01-03
2025-01-03T18:00:00.000Z,0.036974085202499694,0.03680279521066904,0.0362485681426343,0.036278639411761876,3393315.6582868425,2025-01-03 18:59:59.999000+00:00,2025-01-03
2025-01-03T19:00:00.000Z,0.03628106634037006,0.03677183373341627,0.03629794559379638,0.0367039369776859,2353413.3087210027,2025-01-03 19:59:59.999000+00:00,2025-01-03
2025-01-03T20:00:00.000Z,0.036682232978165086,0.03653995072644185,0.03617542839619528,0.036359570936037054,2236380.471801841,2025-01-03 20:59:59.999000+00:00,2025-01-03
2025-01-03T21:00:00.000Z,0.03640081663075788,0.03703395978473365,0.036497221859719,0.036882455310683834,2571311.2919773925,2025-01-03 21:59:59.999000+00:00,2025-01-03
2025-01-03T22:00:00.000Z,0.03687291148541638,0.037405318491608754,0.03691063277104245,0.037154418727095635,2065283.0801069373,2025-01-03 22:59:59.999000+00:00,2025-01-03
2025-01-03T23:00:00.000Z,0.03709413093855688,0.037439196593660296,0.036997684639994456,0.03729201743451631,2591037.3227220774,2025-01-03 23:59:59.999000+00:00,2025-01-03
2025-01-04T00:00:00.000Z,0.037277498301544164,0.03744113051152101,0.036695583674387834,0.03672096386037332,3729688.8667522944,2025-01-04 00:59:59.999000+00:00,2025-01-03
2025-01-04T01:00:00.000Z,0.036714760193292326,0.036704703331977916,0.03641632190570412,0.036612282381181034,2126718.5136493337,2025-01-04 01:59:59.999000+00:00,2025-01-04
2025-01-04T02:00:00.000Z,0.03667564952827969,0.03700340307117806,0.03631036785367601,0.03688027475338626,3036838.949350163,2025-01-04 02:59:59.999000+00:00,2025-01-04
2025-01-04T03:00:00.000Z,0.0369429064582392,0.03687604405201617,0.03646132449284399,0.03648299723411464,1264571.6246229995,2025-01-04 03:59:59.999000+00:00,2025-01-04
2025-01-04T04:00:00.000Z,0.036560935998898814,0.03648309393614591,0.03619934277872768,0.03646437096857404,1075289.9905570108,2025-01-04 04:59:59.999000+00:00,2025-01-04
2025-01-04T05:00:00.000Z,0.036500395238846704,0.036793196442884785,0.036430350614893095,0.03659772045919512,2005952.417413563,2025-01-04 05:59:59.999000+00:00,2025-01-04
2025-01-04T06:00:00.000Z,0.0365770998024531,0.037386861485118224,0.03683879176046611,0.037337077107215545,3068338.730204713,2025-01-04 06:59:59.999000+00:00,2025-01-04
2025-01-04T07:00:00.000Z,0.03730899402163323,0.03775185096274597,0.03723439117112875,0.03737380644669994,2507243.989583782,2025-01-04 07:59:59.999000+00:00,2025-01-04
2025-01-04T08:00:00.000Z,0.03737250923894239,0.03686833979966932,0.035824189648921284,0.03590481062054593,3247167.803169363,2025-01-04 08:59:59.999000+00:00,2025-01-04
2025-01-04T09:00:00.000Z,0.03588466968390809,0.036298609492158525,0.036051215006380345,0.036165046055352014,1638557.8649729602,2025-01-04 09:59:59.999000+00:00,2025-01-04
2025-01-04T10:00:00.000Z,0.036126146754510854,0.0361133037453858,0.03577666151215856,0.03589543661301172,1094941.2203605718,2025-01-04 10:59:59.999000+00:00,2025-01-04
2025-01-04T11:00:00.000Z,0.035943689392368514,0.036269817860967606,0.03598496117313476,0.03622328274794312,1150371.425446671,2025-01-04 11:59:59.999000+00:00,2025-01-04
2025-01-04T12:00:00.000Z,0.036229117969311046,0.036317324557920506,0.03603854105171688,0.036076557190113163,1444366.8613535732,2025-01-04 12:59:59.999000+00:00,2025-01-04
2025-01-04T13:00:00.000Z,0.03602063765260946,0.03783189469665237,0.03653814444335974,0.03771548662577353,9227460.688629704,2025-01-04 13:59:59.999000+00:00,2025-01-04
2025-01-04T14:00:00.000Z,0.03771548662577353,0.039230704906834224,0.03796205464233343,0.03914630493775483,8549390.571798475,2025-01-04 14:59:59.999000+00:00,2025-01-04
2025-01-04T15:00:00.000Z,0.03914630493775483,0.041289889574188776,0.039126730834667466,0.03924143467104773,14676467.476636158,2025-01-04 15:59:59.999000+00:00,2025-01-04
2025-01-04T16:00:00.000Z,0.03922331804469532,0.03976494859807282,0.039021079670654664,0.03966914023769876,6989898.357477793,2025-01-04 16:59:59.999000+00:00,2025-01-04
2025-01-04T17:00:00.000Z,0.03970975121668019,0.03953601053474878,0.039108142530668986,0.03917822026184245,2933217.2841320485,2025-01-04 17:59:59.999000+00:00,2025-01-04
2025-01-04T18:00:00.000Z,0.039187085410333,0.040196044356368074,0.03946310698522963,0.03994663597263294,3505738.9393263618,2025-01-04 18:59:59.999000+00:00,2025-01-04
2025-01-04T19:00:00.000Z,0.039878619181364025,0.04137052430892268,0.04014687250479226,0.041305511397269117,4770111.039332576,2025-01-04 19:59:59.999000+00:00,2025-01-04
2025-01-04T20:00:00.000Z,0.04126874561851482,0.04210201496019867,0.04077471418716718,0.04086097518775847,7046271.424867186,2025-01-04 20:59:59.999000+00:00,2025-01-04
2025-01-04T21:00:00.000Z,0.040737285512093685,0.041745820895444145,0.04086167762805559,0.0410778755909144,4538611.177814993,2025-01-04 21:59:59.999000+00:00,2025-01-04
2025-01-04T22:00:00.000Z,0.04112809761807903,0.040860191882370014,0.04023433969624014,0.040320760068910805,3190503.6533595677,2025-01-04 22:59:59.999000+00:00,2025-01-04
2025-01-04T23:00:00.000Z,0.0403271211123382,0.04063382836822027,0.04016537663848171,0.04043153877836465,2028336.1367034223,2025-01-04 23:59:59.999000+00:00,2025-01-04
2025-01-05T00:00:00.000Z,0.04041885026633432,0.042348560461618306,0.04097496885989633,0.04231577073434763,7919549.033382181,2025-01-05 00:59:59.999000+00:00,2025-01-04
2025-01-05T01:00:00.000Z,0.04230563534806615,0.041888754040770936,0.04066066482283165,0.04069173473536839,5566483.704720188,2025-01-05 01:59:59.999000+00:00,2025-01-05
2025-01-05T02:00:00.000Z,0.04087928421090438,0.04064834718197172,0.040099161160123555,0.040378706871300525,4553207.620188282,2025-01-05 02:59:59.999000+00:00,2025-01-05
2025-01-05T03:00:00.000Z,0.04043090160598823,0.04091512295618736,0.04044817035130399,0.04078086796561005,2851931.70776784,2025-01-05 03:59:59.999000+00:00,2025-01-05
2025-01-05T04:00:00.000Z,0.040635683030421255,0.04142961805464444,0.040686289022757546,0.04124159496388876,3416287.5053925104,2025-01-05 04:59:59.999000+00:00,2025-01-05
2025-01-05T05:00:00.000Z,0.04113870390527882,0.04153811532171801,0.04101448029752188,0.041176691200956794,3641225.8380167866,2025-01-05 05:59:59.999000+00:00,2025-01-05
2025-01-05T06:00:00.000Z,0.04112342056839828,0.04158603017119169,0.040663045886402245,0.041464804331198445,2921945.306214845,2025-01-05 06:59:59.999000+00:00,2025-01-05
2025-01-05T07:00:00.000Z,0.0414751555180623,0.04123204997649637,0.040411286092215906,0.04055455805235787,3014259.995130814,2025-01-05 07:59:59.999000+00:00,2025-01-05
2025-01-05T08:00:00.000Z,0.040624692266976896,0.040701160824433154,0.04029003229567225,0.04038751715281403,2402871.3066659966,2025-01-05 08:59:59.999000+00:00,2025-01-05
2025-01-05T09:00:00.000Z,0.040500598202817456,0.04035889860318074,0.03993321090382355,0.0399598969584198,2013348.3200606068,2025-01-05 09:59:59.999000+00:00,2025-01-05
2025-01-05T10:00:00.000Z,0.040012638003938304,0.041307334908427605,0.04026555034605121,0.04120028566515042,3697063.268141994,2025-01-05 10:59:59.999000+00:00,2025-01-05
2025-01-05T11:00:00.000Z,0.04113581691552965,0.0431094015347721,0.04140862477222846,0.04305019755523792,5772023.660403724,2025-01-05 11:59:59.999000+00:00,2025-01-05
2025-01-05T12:00:00.000Z,0.0430876723194088,0.04314618247629424,0.042003398819657076,0.0420657658876511,5993071.741258768,2025-01-05 12:59:59.999000+00:00,2025-01-05
2025-01-05T13:00:00.000Z,0.04195483942600157,0.04292279264760838,0.041816901949676306,0.042847644340109924,4893660.947645392,2025-01-05 13:59:59.999000+00:00,2025-01-05
2025-01-05T14:00:00.000Z,0.042889316372241575,0.04379055566918045,0.0427823089572658,0.04320666316288117,8236302.835221452,2025-01-05 14:59:59.999000+00:00,2025-01-05
2025-01-05T15:00:00.000Z,0.043198089294063095,0.04421608985606959,0.04224340271705552,0.04241036419164728,7604495.207334437,2025-01-05 15:59:59.999000+00:00,2025-01-05
2025-01-05T16:00:00.000Z,0.04244769376756931,0.04232813064590202,0.041739534395169385,0.04179612615580585,4152160.9494169177,2025-01-05 16:59:59.999000+00:00,2025-01-05
2025-01-05T17:00:00.000Z,0.041791675964174865,0.041621906656487406,0.04109363538075161,0.0411191407018295,3029825.302172553,2025-01-05 17:59:59.999000+00:00,2025-01-05
2025-01-05T18:00:00.000Z,0.04117195980832956,0.04107647689845002,0.04070136056628482,0.040916065931305756,2506138.2440856383,2025-01-05 18:59:59.999000+00:00,2025-01-05
2025-01-05T19:00:00.000Z,0.04091456613772176,0.04215653702513394,0.04037309372424564,0.04039589678568482,3611241.304004738,2025-01-05 19:59:59.999000+00:00,2025-01-05
2025-01-05T20:00:00.000Z,0.040433027787558674,0.04044222901533211,0.04012325561864295,0.04022805168114162,2507017.1648566527,2025-01-05 20:59:59.999000+00:00,2025-01-05
2025-01-05T21:00:00.000Z,0.040235099178961876,0.04038837525017218,0.04005018355121516,0.04006867488764584,1326253.42659629,2025-01-05 21:59:59.999000+00:00,2025-01-05
2025-01-05T22:00:00.000Z,0.04012066632604715,0.040358141892439164,0.03996387692640306,0.04031332311468118,1983243.1771642033,2025-01-05 22:59:59.999000+00:00,2025-01-05
2025-01-05T23:00:00.000Z,0.04038231122568967,0.04054541307168514,0.04006131559597909,0.040213543759346035,1634772.5301033533,2025-01-05 23:59:59.999000+00:00,2025-01-05
2025-01-06T00:00:00.000Z,0.04019384647717479,0.03997432882782901,0.03965047191899792,0.03967752934850828,2085455.6684946008,2025-01-06 00:59:59.999000+00:00,2025-01-05
2025-01-06T01:00:00.000Z,0.03967307582023671,0.04019075568468113,0.03961427615968799,0.040009919320987054,3123205.3149494757,2025-01-06 01:59:59.999000+00:00,2025-01-06
2025-01-06T02:00:00.000Z,0.03998221116035239,0.04122680731805936,0.040112719222937895,0.041093892865884336,4816629.790005264,2025-01-06 02:59:59.999000+00:00,2025-01-06
2025-01-06T03:00:00.000Z,0.04103520572045278,0.042082131439278775,0.041329729071603136,0.04199983244874657,5973664.477199158,2025-01-06 03:59:59.999000+00:00,2025-01-06
2025-01-06T04:00:00.000Z,0.041931507881232635,0.04221853701511107,0.041644036133959915,0.04188380034683245,4130805.7804745007,2025-01-06 04:59:59.999000+00:00,2025-01-06
2025-01-06T05:00:00.000Z,0.04188138142238542,0.04226465936242992,0.041837699982535524,0.04205333521774281,2573021.265663743,2025-01-06 05:59:59.999000+00:00,2025-01-06
2025-01-06T06:00:00.000Z,0.0420101225816453,0.04194467015398242,0.041261948750478825,0.04176902447173247,3216386.3693705173,2025-01-06 06:59:59.999000+00:00,2025-01-06
2025-01-06T07:00:00.000Z,0.041850672145095795,0.04234620050458376,0.04195124532748207,0.042075736420586235,2431078.7725269995,2025-01-06 07:59:59.999000+00:00,2025-01-06
2025-01-06T08:00:00.000Z,0.04198606452974917,0.042279561620640844,0.04171188771874026,0.04209920604065014,2417418.779020074,2025-01-06 08:59:59.999000+00:00,2025-01-06
2025-01-06T09:00:00.000Z,0.04215646078628026,0.04324562263161634,0.04204276517438598,0.04318223769945346,3274453.168240531,2025-01-06 09:59:59.999000+00:00,2025-01-06
2025-01-06T10:00:00.000Z,0.043180284066670634,0.04432932199492282,0.04337584376177465,0.04428282433721202,4855893.844319288,2025-01-06 10:59:59.999000+00:00,2025-01-06
2025-01-06T11:00:00.000Z,0.04425972023657345,0.04567844726876919,0.04437530164674836,0.045520194152840525,6631071.987085498,2025-01-06 11:59:59.999000+00:00,2025-01-06
2025-01-06T12:00:00.000Z,0.04552433778165798,0.04626623041691838,0.044870833406800495,0.0459554560586678,6442953.690809059,2025-01-06 12:59:59.999000+00:00,2025-01-06
2025-01-06T13:00:00.000Z,0.045971941131686615,0.04591082281143366,0.04482101179848442,0.04553557866731449,6101590.1797878295,2025-01-06 13:59:59.999000+00:00,2025-01-06
2025-01-06T14:00:00.000Z,0.04554398624045336,0.04800204669715933,0.04534854495165559,0.046028395731929655,5219522.268158645,2025-01-06 14:59:59.999000+00:00,2025-01-06
2025-01-06T15:00:00.000Z,0.04602082687302871,0.046906524963033096,0.04392391239038523,0.04445794792715897,6995343.917563809,2025-01-06 15:59:59.999000+00:00,2025-01-06
2025-01-06T16:00:00.000Z,0.04444648066019971,0.04541405089731367,0.04418115698062178,0.04530459156672072,5715091.553597545,2025-01-06 16:59:59.999000+00:00,2025-01-06
2025-01-06T17:00:00.000Z,0.04530882618536685,0.04504089904104044,0.04418375160485395,0.0442939007901314,4912491.696997995,2025-01-06 17:59:59.999000+00:00,2025-01-06
2025-01-06T18:00:00.000Z,0.04442429775952389,0.044416371576060654,0.04398033510480322,0.04420008041113447,2673686.4544669194,2025-01-06 18:59:59.999000+00:00,2025-01-06
2025-01-06T19:00:00.000Z,0.04420803917761658,0.04450706537855857,0.044030255237274066,0.044447579239345066,1703629.2511928445,2025-01-06 19:59:59.999000+00:00,2025-01-06
2025-01-06T20:00:00.000Z,0.04441844860138352,0.045115159101471,0.043668754591885156,0.044175889513569114,3628859.737442652,2025-01-06 20:59:59.999000+00:00,2025-01-06
2025-01-06T21:00:00.000Z,0.04423129018265235,0.043851902519934156,0.042820474108961754,0.04291734892151568,3909933.885489932,2025-01-06 21:59:59.999000+00:00,2025-01-06
2025-01-06T22:00:00.000Z,0.042933607333609305,0.043042313267934854,0.04250985534658494,0.042694647476411295,2249598.3186547323,2025-01-06 22:59:59.999000+00:00,2025-01-06
2025-01-06T23:00:00.000Z,0.0426776184185197,0.042835548295113254,0.0423990825345316,0.042765348050823826,1935055.2949729047,2025-01-06 23:59:59.999000+00:00,2025-01-06
2025-01-07T00:00:00.000Z,0.042783045771755436,0.043737023187264634,0.04301294269872325,0.04348121414038645,4167346.884768713,2025-01-07 00:59:59.999000+00:00,2025-01-06
2025-01-07T01:00:00.000Z,0.04346895018617539,0.04337378866048231,0.04297771555433433,0.04310070295473965,2863682.691417368,2025-01-07 01:59:59.999000+00:00,2025-01-07
2025-01-07T02:00:00.000Z,0.043174160348997036,0.04293013400312934,0.04239424267299035,0.04244709966948815,1454361.947850612,2025-01-07 02:59:59.999000+00:00,2025-01-07
2025-01-07T03:00:00.000Z,0.04250469246883665,0.04253704739629624,0.04231630022166537,0.04238574084888837,2113130.510663762,2025-01-07 03:59:59.999000+00:00,2025-01-07
2025-01-07T04:00:00.000Z,0.04237554694440007,0.04261393006062632,0.04232715130199977,0.04246571399300435,1445845.0496395626,2025-01-07 04:59:59.999000+00:00,2025-01-07
2025-01-07T05:00:00.000Z,0.042467887898987734,0.042196923335998386,0.04169075041612071,0.041841600945553385,1892211.0947989782,2025-01-07 05:59:59.999000+00:00,2025-01-07
2025-01-07T06:00:00.000Z,0.04182336502695813,0.042469431139866204,0.0419738298515095,0.042195821977392335,2614379.512544196,2025-01-07 06:59:59.999000+00:00,2025-01-07
2025-01-07T07:00:00.000Z,0.0422181363905739,0.042011025967255304,0.04163273405437647,0.04169304574806429,1092456.0487280085,2025-01-07 07:59:59.999000+00:00,2025-01-07
2025-01-07T08:00:00.000Z,0.04172661121882451,0.0420094563622235,0.04165858386929486,0.041760345038968257,1096687.1824032583,2025-01-07 08:59:59.999000+00:00,2025-01-07
2025-01-07T09:00:00.000Z,0.04178801683652689,0.042014971412664234,0.04160855994034629,0.0416982590965986,1733377.3810650108,2025-01-07 09:59:59.999000+00:00,2025-01-07
2025-01-07T10:00:00.000Z,0.04168359301819402,0.04237812796924473,0.04184747980676168,0.04225392341358846,1760299.3528472676,2025-01-07 10:59:59.999000+00:00,2025-01-07
2025-01-07T11:00:00.000Z,0.042208472002168165,0.042142048367210486,0.0413220158005967,0.0413895998213591,2308000.4111194867,2025-01-07 11:59:59.999000+00:00,2025-01-07
2025-01-07T12:00:00.000Z,0.041463194846940665,0.04165483991056193,0.04098908772800641,0.04157140833275256,2383300.450574314,2025-01-07 12:59:59.999000+00:00,2025-01-07
2025-01-07T13:00:00.000Z,0.04162248698597715,0.0417182649374691,0.041298312614374416,0.04137508461037552,1608206.4594890191,2025-01-07 13:59:59.999000+00:00,2025-01-07
2025-01-07T14:00:00.000Z,0.041419936720012436,0.04128009105815919,0.04077342402378613,0.04079297758568482,1739626.8220374442,2025-01-07 14:59:59.999000+00:00,2025-01-07
2025-01-07T15:00:00.000Z,0.04086979332692054,0.040569377253743606,0.039017649663948425,0.03938548792375088,10193066.582875978,2025-01-07 15:59:59.999000+00:00,2025-01-07
2025-01-07T16:00:00.000Z,0.039446375825132766,0.039595238008076336,0.03907050486392123,0.03934490245283317,2378839.4104444343,2025-01-07 16:59:59.999000+00:00,2025-01-07
2025-01-07T17:00:00.000Z,0.03930542071413871,0.03911031092741938,0.03859648727355875,0.03889520549298309,2679146.904493501,2025-01-07 17:59:59.999000+00:00,2025-01-07
2025-01-07T18:00:00.000Z,0.03892633622763571,0.039007506007896896,0.0381028827322243,0.0381351017797773,2815245.9906472242,2025-01-07 18:59:59.999000+00:00,2025-01-07
2025-01-07T19:00:00.000Z,0.038133252565974475,0.038211326289132416,0.03775632209111688,0.037824977258242146,2372617.7191488324,2025-01-07 19:59:59.999000+00:00,2025-01-07
2025-01-07T20:00:00.000Z,0.037844994818838185,0.03801825334669817,0.0374868501493106,0.03795854649130328,3055368.337979312,2025-01-07 20:59:59.999000+00:00,2025-01-07
2025-01-07T21:00:00.000Z,0.037980810423621114,0.038479331749798916,0.037616627704299896,0.03769151113860868,1914740.7768264243,2025-01-07 21:59:59.999000+00:00,2025-01-07
2025-01-07T22:00:00.000Z,0.037687781246289305,0.03803031844577175,0.0375895878112555,0.037719008639737074,2528452.145575358,2025-01-07 22:59:59.999000+00:00,2025-01-07
2025-01-07T23:00:00.000Z,0.03781831974842122,0.03762947991553109,0.037263611566368954,0.03728338759374608,1356302.4289870067,2025-01-07 23:59:59.999000+00:00,2025-01-07
2025-01-08T00:00:00.000Z,0.03725347023011718,0.03785093576686848,0.037219642690806784,0.0375468166316721,2437586.5900137983,2025-01-08 00:59:59.999000+00:00,2025-01-07
2025-01-08T01:00:00.000Z,0.03753215187918915,0.03741462986954914,0.03700343966782452,0.03722171085968067,1160665.342189173,2025-01-08 01:59:59.999000+00:00,2025-01-08
2025-01-08T02:00:00.000Z,0.03727702677426818,0.03767781927195775,0.03720176379804428,0.037238275310335994,1431928.3197142447,2025-01-08 02:59:59.999000+00:00,2025-01-08
2025-01-08T03:00:00.000Z,0.037221224472699134,0.03697021856321808,0.03656222039613665,0.036648609614333715,2397625.744035707,2025-01-08 03:59:59.999000+00:00,2025-01-08
2025-01-08T04:00:00.000Z,0.03674165351310242,0.03710248804263597,0.0365652574133334,0.03659645578635972,1786094.3525390339,2025-01-08 04:59:59.999000+00:00,2025-01-08
2025-01-08T05:00:00.000Z,0.03657639048198859,0.036651370703556736,0.036306881174006246,0.03636969141996953,1691112.0083049121,2025-01-08 05:59:59.999000+00:00,2025-01-08
2025-01-08T06:00:00.000Z,0.0364482848785598,0.03667478188778678,0.0359054100006167,0.0359176591058121,2597553.062256074,2025-01-08 06:59:59.999000+00:00,2025-01-08
2025-01-08T07:00:00.000Z,0.03613737142998396,0.03615917947395293,0.03578874872576561,0.035829902097660314,1877937.151568188,2025-01-08 07:59:59.999000+00:00,2025-01-08
2025-01-08T08:00:00.000Z,0.035876825591902264,0.036780277693338824,0.03600904618172866,0.03659425674669284,2524559.6883292794,2025-01-08 08:59:59.999000+00:00,2025-01-08
2025-01-08T09:00:00.000Z,0.03660024253999219,0.037258635684816806,0.03674335461026436,0.03696970644319764,2484086.6012874194,2025-01-08 09:59:59.999000+00:00,2025-01-08
2025-01-08T10:00:00.000Z,0.036894155437150515,0.03754657051698995,0.036725326097052056,0.03682919533608863,2890680.2872789954,2025-01-08 10:59:59.999000+00:00,2025-01-08
2025-01-08T11:00:00.000Z,0.036743861569495634,0.036540944500252685,0.03592483387987078,0.03622819675807078,2202033.9951718478,2025-01-08 11:59:59.999000+00:00,2025-01-08
2025-01-08T12:00:00.000Z,0.03636340245912047,0.03622734377084664,0.03513747929873041,0.03516059901185172,3198443.8391958023,2025-01-08 12:59:59.999000+00:00,2025-01-08
2025-01-08T13:00:00.000Z,0.03514785253707534,0.03575470980588515,0.03527985859458394,0.03541260373438382,2708982.2346718754,2025-01-08 13:59:59.999000+00:00,2025-01-08
2025-01-08T14:00:00.000Z,0.03541420220690774,0.03591546500397168,0.03534831660021944,0.03554860845903005,3296567.1236118446,2025-01-08 14:59:59.999000+00:00,2025-01-08
2025-01-08T15:00:00.000Z,0.03548785371272976,0.0356996546169802,0.034786384920226836,0.03498839600518312,4671889.98615756,2025-01-08 15:59:59.999000+00:00,2025-01-08
2025-01-08T16:00:00.000Z,0.035009530515659526,0.03495161163980568,0.033852590439344715,0.03387674643175811,4348027.006944251,2025-01-08 16:59:59.999000+00:00,2025-01-08
2025-01-08T17:00:00.000Z,0.03387883071898857,0.03386105888708824,0.03284628489073989,0.03370543014377297,6147370.457860536,2025-01-08 17:59:59.999000+00:00,2025-01-08
2025-01-08T18:00:00.000Z,0.03377563796846949,0.034937546045545276,0.034204452931268475,0.03455581386571598,3865953.818582457,2025-01-08 18:59:59.999000+00:00,2025-01-08
2025-01-08T19:00:00.000Z,0.03448330018777611,0.03499072986951133,0.034330722788092745,0.034414128700928914,4067922.445746562,2025-01-08 19:59:59.999000+00:00,2025-01-08
2025-01-08T20:00:00.000Z,0.03443798372994669,0.034620301045050116,0.0341429572596092,0.03429178026251998,2344512.2289364547,2025-01-08 20:59:59.999000+00:00,2025-01-08
2025-01-08T21:00:00.000Z,0.03431338457603965,0.03494462823464397,0.034223102557840425,0.034927691972682307,2166860.0172851994,2025-01-08 21:59:59.999000+00:00,2025-01-08
2025-01-08T22:00:00.000Z,0.03483711236091178,0.036048269358071046,0.03516053482225007,0.03592694219388109,4264095.026865653,2025-01-08 22:59:59.999000+00:00,2025-01-08
2025-01-08T23:00:00.000Z,0.03591285034453513,0.03643936004038708,0.03585145915281203,0.03600437971063118,2567587.8680075,2025-01-08 23:59:59.999000+00:00,2025-01-08
2025-01-09T00:00:00.000Z,0.03600926471500109,0.0360154160382622,0.035565217934120694,0.03597953872220168,1924072.471036763,2025-01-09 00:59:59.999000+00:00,2025-01-08
2025-01-09T01:00:00.000Z,0.0359268598423283,0.03718791479617942,0.03634104224435491,0.036830193655531876,3327940.74495194,2025-01-09 01:59:59.999000+00:00,2025-01-09
2025-01-09T02:00:00.000Z,0.03676033533656134,0.03647206621271675,0.035775946721899834,0.03604262618992552,3338487.2556864014,2025-01-09 02:59:59.999000+00:00,2025-01-09
2025-01-09T03:00:00.000Z,0.03615775064261416,0.03588175739331633,0.035202625582756164,0.03522706517096719,2911178.751043852,2025-01-09 03:59:59.999000+00:00,2025-01-09
2025-01-09T04:00:00.000Z,0.03526093634379495,0.03503577504347834,0.03461446588920968,0.03474526008276166,3278930.0115327407,2025-01-09 04:59:59.999000+00:00,2025-01-09
2025-01-09T05:00:00.000Z,0.0347559753113184,0.03487059133328635,0.03444452392903343,0.03472698170641569,2521106.260613575,2025-01-09 05:59:59.999000+00:00,2025-01-09
2025-01-09T06:00:00.000Z,0.03482424271766972,0.03470773958411463,0.034364862407964394,0.034389938553086696,2033112.2535873528,2025-01-09 06:59:59.999000+00:00,2025-01-09
2025-01-09T07:00:00.000Z,0.034416797811763204,0.03412201900214898,0.03314693544297316,0.033211148583934154,2611468.71844579,2025-01-09 07:59:59.999000+00:00,2025-01-09
2025-01-09T08:00:00.000Z,0.03320380077333197,0.03375831866675601,0.03313452304154865,0.03359332649941673,4024553.362946756,2025-01-09 08:59:59.999000+00:00,2025-01-09
2025-01-09T09:00:00.000Z,0.03362334080191628,0.03349331759046785,0.03324804714678419,0.033307922340000684,1850400.3111176474,2025-01-09 09:59:59.999000+00:00,2025-01-09
2025-01-09T10:00:00.000Z,0.033314105526856874,0.0332805762245448,0.03282527052938384,0.03303751510850603,1886364.8228889161,2025-01-09 10:59:59.999000+00:00,2025-01-09
2025-01-09T11:00:00.000Z,0.03306362643137611,0.03309138600646983,0.03274060979884454,0.032790369886339446,1285900.4690407927,2025-01-09 11:59:59.999000+00:00,2025-01-09
2025-01-09T12:00:00.000Z,0.03280064424838493,0.03287568255822745,0.03257108727176427,0.032726609087790175,1456690.7703649395,2025-01-09 12:59:59.999000+00:00,2025-01-09
2025-01-09T13:00:00.000Z,0.03273863001119498,0.03279596629886647,0.03184389190743394,0.031873880376442704,2303885.634935443,2025-01-09 13:59:59.999000+00:00,2025-01-09
2025-01-09T14:00:00.000Z,0.03209828703206236,0.03208667139446394,0.03154403398436767,0.03203567686752694,2946023.3575947867,2025-01-09 14:59:59.999000+00:00,2025-01-09
2025-01-09T15:00:00.000Z,0.03203054809659304,0.034968012384880405,0.03252133976322809,0.034849298106040504,6266464.478650656,2025-01-09 15:59:59.999000+00:00,2025-01-09
2025-01-09T16:00:00.000Z,0.03485198474407982,0.035323485928067076,0.03456772853132521,0.03487649352240326,6026398.920215383,2025-01-09 16:59:59.999000+00:00,2025-01-09
2025-01-09T17:00:00.000Z,0.03486666970309738,0.03467590734472902,0.03361227008860191,0.033789006179056884,2793794.0180673753,2025-01-09 17:59:59.999000+00:00,2025-01-09
2025-01-09T18:00:00.000Z,0.033786195923827915,0.034111406136188356,0.033647034381776096,0.03369306406081315,2457501.2281988054,2025-01-09 18:59:59.999000+00:00,2025-01-09
2025-01-09T19:00:00.000Z,0.03373932801391751,0.03364100607578401,0.03309781194734339,0.033127570516301406,1803746.2627551027,2025-01-09 19:59:59.999000+00:00,2025-01-09
2025-01-09T20:00:00.000Z,0.03324098241448262,0.033013257000207394,0.03245343409813708,0.03285688276035455,3474346.0014262837,2025-01-09 20:59:59.999000+00:00,2025-01-09
2025-01-09T21:00:00.000Z,0.03292704649487162,0.03348299896609542,0.032840920500026814,0.0329719267084887,4177884.3679042393,2025-01-09 21:59:59.999000+00:00,2025-01-09
2025-01-09T22:00:00.000Z,0.03291282383033239,0.03366401567918968,0.03301863821700128,0.03352243962522184,2384185.4930386627,2025-01-09 22:59:59.999000+00:00,2025-01-09
2025-01-09T23:00:00.000Z,0.03350424323079883,0.033550437154949,0.033364899105116905,0.03342028563142797,1458722.2915382518,2025-01-09 23:59:59.999000+00:00,2025-01-09
2025-01-10T00:00:00.000Z,0.03338425220337017,0.033762706431016754,0.033474529520877504,0.03370171125506368,3311602.4026141255,2025-01-10 00:59:59.999000+00:00,2025-01-09
2025-01-10T01:00:00.000Z,0.033667868424578924,0.0340611850785518,0.03357702609322603,0.03394467183496712,2164134.1308421423,2025-01-10 01:59:59.999000+00:00,2025-01-10
2025-01-10T02:00:00.000Z,0.033903629361116586,0.03405363944469576,0.033615417196663645,0.03384207268764434,2242725.003206719,2025-01-10 02:59:59.999000+00:00,2025-01-10
2025-01-10T03:00:00.000Z,0.03384326520561397,0.03407023966103021,0.03380389902995807,0.03398772728594226,1034196.0257604849,2025-01-10 03:59:59.999000+00:00,2025-01-10
